Email;Framecount;RightControllerPosWorldX;RightControllerPosWorldY;RightControllerPosWorldZ;RightControllerRotEulerX;RightControllerRotEulerY;RightControllerRotEulerZ;SessionID;Timestamp
anonymous;1;0.0000;0.0000;0.0000;0.0000;0.0000;0.0000;ff6137af-9444-4c2a-a1ee-91f3c85f1947;2023-11-22 11:33:54.1700
anonymous;2;0.0000;0.0000;0.0000;0.0000;0.0000;0.0000;ff6137af-9444-4c2a-a1ee-91f3c85f1947;2023-11-22 11:33:54.6789
anonymous;3;1.1812;0.2677;0.6663;277.6597;224.9436;45.1198;ff6137af-9444-4c2a-a1ee-91f3c85f1947;2023-11-22 11:33:54.7209
anonymous;7;1.1813;0.2679;0.6667;277.6432;224.9042;45.0666;ff6137af-9444-4c2a-a1ee-91f3c85f1947;2023-11-22 11:33:54.7660
anonymous;11;1.1813;0.2678;0.6668;277.6385;224.9345;44.9556;ff6137af-9444-4c2a-a1ee-91f3c85f1947;2023-11-22 11:33:54.7950
anonymous;13;1.1812;0.2678;0.6669;277.6203;225.0285;44.9658;ff6137af-9444-4c2a-a1ee-91f3c85f1947;2023-11-22 11:33:54.8165
anonymous;15;1.1812;0.2677;0.6668;277.6196;225.0554;44.9176;ff6137af-9444-4c2a-a1ee-91f3c85f1947;2023-11-22 11:33:54.8385
anonymous;17;1.1812;0.2676;0.6669;277.6240;225.0349;44.8299;ff6137af-9444-4c2a-a1ee-91f3c85f1947;2023-11-22 11:33:54.8610
anonymous;19;1.1811;0.2674;0.6666;277.6339;224.9942;44.9089;ff6137af-9444-4c2a-a1ee-91f3c85f1947;2023-11-22 11:33:54.8830
anonymous;21;1.1810;0.2673;0.6665;277.6272;225.1581;44.8857;ff6137af-9444-4c2a-a1ee-91f3c85f1947;2023-11-22 11:33:55.0355
anonymous;22;1.1812;0.2668;0.6672;277.5716;225.2798;44.6639;ff6137af-9444-4c2a-a1ee-91f3c85f1947;2023-11-22 11:33:55.0395
anonymous;25;1.1812;0.2669;0.6673;277.5682;225.2679;44.6357;ff6137af-9444-4c2a-a1ee-91f3c85f1947;2023-11-22 11:33:55.0631
anonymous;27;1.1811;0.2669;0.6672;277.5722;225.2168;44.6224;ff6137af-9444-4c2a-a1ee-91f3c85f1947;2023-11-22 11:33:55.0856
anonymous;29;1.1813;0.2669;0.6671;277.5560;225.1870;44.6840;ff6137af-9444-4c2a-a1ee-91f3c85f1947;2023-11-22 11:33:55.1086
anonymous;31;1.1814;0.2671;0.6669;277.5501;225.1089;44.8103;ff6137af-9444-4c2a-a1ee-91f3c85f1947;2023-11-22 11:33:55.1296
anonymous;33;1.1813;0.2672;0.6669;277.5468;225.1101;44.8383;ff6137af-9444-4c2a-a1ee-91f3c85f1947;2023-11-22 11:33:55.1521
anonymous;35;1.1811;0.2674;0.6668;277.5532;225.0445;44.8849;ff6137af-9444-4c2a-a1ee-91f3c85f1947;2023-11-22 11:33:55.1741
anonymous;37;1.1811;0.2674;0.6668;277.5663;224.8985;44.9704;ff6137af-9444-4c2a-a1ee-91f3c85f1947;2023-11-22 11:33:55.1967
anonymous;39;1.1813;0.2673;0.6666;277.5675;224.6765;45.1945;ff6137af-9444-4c2a-a1ee-91f3c85f1947;2023-11-22 11:33:55.2187
anonymous;41;1.1812;0.2673;0.6666;277.5618;224.7428;45.2119;ff6137af-9444-4c2a-a1ee-91f3c85f1947;2023-11-22 11:33:55.2417
anonymous;43;1.1811;0.2674;0.6664;277.5588;224.6538;45.3198;ff6137af-9444-4c2a-a1ee-91f3c85f1947;2023-11-22 11:33:55.2637
anonymous;45;1.1815;0.2674;0.6664;277.5443;224.4986;45.4460;ff6137af-9444-4c2a-a1ee-91f3c85f1947;2023-11-22 11:33:55.2857
anonymous;47;1.1815;0.2672;0.6664;277.5400;224.4129;45.5060;ff6137af-9444-4c2a-a1ee-91f3c85f1947;2023-11-22 11:33:55.3082
anonymous;49;1.1815;0.2671;0.6664;277.5349;224.4276;45.5316;ff6137af-9444-4c2a-a1ee-91f3c85f1947;2023-11-22 11:33:55.3302
anonymous;51;1.1811;0.2673;0.6665;277.5219;224.5622;45.4359;ff6137af-9444-4c2a-a1ee-91f3c85f1947;2023-11-22 11:33:55.3532
anonymous;53;1.1811;0.2674;0.6665;277.5182;224.4444;45.5338;ff6137af-9444-4c2a-a1ee-91f3c85f1947;2023-11-22 11:33:55.3757
anonymous;55;1.1810;0.2673;0.6667;277.5182;224.4573;45.4701;ff6137af-9444-4c2a-a1ee-91f3c85f1947;2023-11-22 11:33:55.3977
anonymous;57;1.1810;0.2673;0.6667;277.5141;224.3612;45.4979;ff6137af-9444-4c2a-a1ee-91f3c85f1947;2023-11-22 11:33:55.4202
anonymous;59;1.1809;0.2672;0.6669;277.5128;224.3898;45.4377;ff6137af-9444-4c2a-a1ee-91f3c85f1947;2023-11-22 11:33:55.4422
anonymous;61;1.1809;0.2672;0.6668;277.5032;224.3237;45.5400;ff6137af-9444-4c2a-a1ee-91f3c85f1947;2023-11-22 11:33:55.4642
anonymous;63;1.1813;0.2668;0.6670;277.4897;224.1675;45.7264;ff6137af-9444-4c2a-a1ee-91f3c85f1947;2023-11-22 11:33:55.4867
anonymous;65;1.1812;0.2665;0.6667;277.4951;224.1636;45.7832;ff6137af-9444-4c2a-a1ee-91f3c85f1947;2023-11-22 11:33:55.5103
anonymous;67;1.1812;0.2664;0.6667;277.4815;224.0619;45.8741;ff6137af-9444-4c2a-a1ee-91f3c85f1947;2023-11-22 11:33:55.5332
anonymous;69;1.1810;0.2664;0.6672;277.4651;224.1609;45.7444;ff6137af-9444-4c2a-a1ee-91f3c85f1947;2023-11-22 11:33:55.5568
anonymous;71;1.1811;0.2662;0.6673;277.4446;224.0920;45.7560;ff6137af-9444-4c2a-a1ee-91f3c85f1947;2023-11-22 11:33:55.5797
anonymous;73;1.1811;0.2663;0.6674;277.4230;223.9918;45.8205;ff6137af-9444-4c2a-a1ee-91f3c85f1947;2023-11-22 11:33:55.6028
anonymous;75;1.1811;0.2665;0.6675;277.3966;223.9729;45.8703;ff6137af-9444-4c2a-a1ee-91f3c85f1947;2023-11-22 11:33:55.6248
anonymous;77;1.1811;0.2665;0.6675;277.3633;223.8991;45.9982;ff6137af-9444-4c2a-a1ee-91f3c85f1947;2023-11-22 11:33:55.6483
anonymous;79;1.1813;0.2664;0.6674;277.3359;223.7346;46.1413;ff6137af-9444-4c2a-a1ee-91f3c85f1947;2023-11-22 11:33:55.6708
anonymous;80;1.1814;0.2664;0.6675;277.3144;223.6462;46.2234;ff6137af-9444-4c2a-a1ee-91f3c85f1947;2023-11-22 11:33:55.6928
anonymous;81;1.1820;0.2656;0.6675;277.1740;222.9568;46.9779;ff6137af-9444-4c2a-a1ee-91f3c85f1947;2023-11-22 11:33:55.7942
anonymous;85;1.1823;0.2655;0.6680;276.9974;222.2054;47.7396;ff6137af-9444-4c2a-a1ee-91f3c85f1947;2023-11-22 11:33:55.8227
anonymous;87;1.1823;0.2653;0.6679;276.9600;221.9861;48.0093;ff6137af-9444-4c2a-a1ee-91f3c85f1947;2023-11-22 11:33:55.8452
anonymous;89;1.1822;0.2652;0.6680;276.9097;221.9044;48.1376;ff6137af-9444-4c2a-a1ee-91f3c85f1947;2023-11-22 11:33:55.8672
anonymous;91;1.1820;0.2651;0.6683;276.8609;221.8310;48.2224;ff6137af-9444-4c2a-a1ee-91f3c85f1947;2023-11-22 11:33:55.8897
anonymous;93;1.1819;0.2649;0.6686;276.8248;221.7403;48.2461;ff6137af-9444-4c2a-a1ee-91f3c85f1947;2023-11-22 11:33:55.9127
anonymous;95;1.1818;0.2648;0.6690;276.7867;221.6563;48.2627;ff6137af-9444-4c2a-a1ee-91f3c85f1947;2023-11-22 11:33:55.9347
anonymous;97;1.1817;0.2646;0.6692;276.7573;221.6313;48.2202;ff6137af-9444-4c2a-a1ee-91f3c85f1947;2023-11-22 11:33:55.9577
anonymous;99;1.1818;0.2645;0.6695;276.7213;221.5001;48.3316;ff6137af-9444-4c2a-a1ee-91f3c85f1947;2023-11-22 11:33:55.9797
anonymous;101;1.1816;0.2644;0.6697;276.7017;221.4684;48.3948;ff6137af-9444-4c2a-a1ee-91f3c85f1947;2023-11-22 11:33:56.0022
anonymous;103;1.1813;0.2644;0.6700;276.6879;221.5349;48.3178;ff6137af-9444-4c2a-a1ee-91f3c85f1947;2023-11-22 11:33:56.0246
anonymous;105;1.1812;0.2646;0.6704;276.6734;221.5151;48.2179;ff6137af-9444-4c2a-a1ee-91f3c85f1947;2023-11-22 11:33:56.0462
anonymous;107;1.1810;0.2646;0.6705;276.6776;221.5928;48.0657;ff6137af-9444-4c2a-a1ee-91f3c85f1947;2023-11-22 11:33:56.0692
anonymous;109;1.1809;0.2646;0.6706;276.6771;221.7146;48.0120;ff6137af-9444-4c2a-a1ee-91f3c85f1947;2023-11-22 11:33:56.0917
anonymous;111;1.1810;0.2646;0.6707;276.6788;221.7460;48.0604;ff6137af-9444-4c2a-a1ee-91f3c85f1947;2023-11-22 11:33:56.1137
anonymous;113;1.1807;0.2647;0.6709;276.7077;221.8425;47.9280;ff6137af-9444-4c2a-a1ee-91f3c85f1947;2023-11-22 11:33:56.1357
anonymous;115;1.1806;0.2649;0.6712;276.7467;221.9998;47.6819;ff6137af-9444-4c2a-a1ee-91f3c85f1947;2023-11-22 11:33:56.1587
anonymous;117;1.1804;0.2650;0.6714;276.7806;222.1573;47.4789;ff6137af-9444-4c2a-a1ee-91f3c85f1947;2023-11-22 11:33:56.1807
anonymous;119;1.1801;0.2650;0.6716;276.8178;222.5319;47.1206;ff6137af-9444-4c2a-a1ee-91f3c85f1947;2023-11-22 11:33:56.2027
anonymous;121;1.1800;0.2650;0.6719;276.8480;222.8482;46.8300;ff6137af-9444-4c2a-a1ee-91f3c85f1947;2023-11-22 11:33:56.2261
anonymous;123;1.1802;0.2650;0.6721;276.8625;222.9356;46.7464;ff6137af-9444-4c2a-a1ee-91f3c85f1947;2023-11-22 11:33:56.2487
anonymous;125;1.1801;0.2651;0.6724;276.9029;223.2282;46.3679;ff6137af-9444-4c2a-a1ee-91f3c85f1947;2023-11-22 11:33:56.2716
anonymous;127;1.1800;0.2653;0.6730;276.9323;223.5418;45.9827;ff6137af-9444-4c2a-a1ee-91f3c85f1947;2023-11-22 11:33:56.2951
anonymous;129;1.1798;0.2653;0.6730;276.9711;223.7063;45.8133;ff6137af-9444-4c2a-a1ee-91f3c85f1947;2023-11-22 11:33:56.3176
anonymous;131;1.1798;0.2653;0.6732;276.9895;223.9274;45.6590;ff6137af-9444-4c2a-a1ee-91f3c85f1947;2023-11-22 11:33:56.3401
anonymous;133;1.1800;0.2653;0.6733;276.9898;223.9635;45.6502;ff6137af-9444-4c2a-a1ee-91f3c85f1947;2023-11-22 11:33:56.3635
anonymous;135;1.1804;0.2652;0.6737;276.9617;223.8748;45.6957;ff6137af-9444-4c2a-a1ee-91f3c85f1947;2023-11-22 11:33:56.3861
anonymous;137;1.1807;0.2645;0.6746;276.9201;223.6035;45.9399;ff6137af-9444-4c2a-a1ee-91f3c85f1947;2023-11-22 11:33:56.4086
anonymous;139;1.1815;0.2640;0.6750;276.8547;223.0597;46.4732;ff6137af-9444-4c2a-a1ee-91f3c85f1947;2023-11-22 11:33:56.4316
anonymous;141;1.1825;0.2637;0.6751;276.7553;222.1743;47.3917;ff6137af-9444-4c2a-a1ee-91f3c85f1947;2023-11-22 11:33:56.4536
anonymous;143;1.1836;0.2637;0.6749;276.6234;221.0362;48.6124;ff6137af-9444-4c2a-a1ee-91f3c85f1947;2023-11-22 11:33:56.4755
anonymous;145;1.1849;0.2637;0.6744;276.4702;219.5097;50.1269;ff6137af-9444-4c2a-a1ee-91f3c85f1947;2023-11-22 11:33:56.4980
anonymous;147;1.1866;0.2633;0.6743;276.2762;217.7954;51.9365;ff6137af-9444-4c2a-a1ee-91f3c85f1947;2023-11-22 11:33:56.5205
anonymous;149;1.1881;0.2628;0.6740;276.0579;215.8358;54.1047;ff6137af-9444-4c2a-a1ee-91f3c85f1947;2023-11-22 11:33:56.5430
anonymous;151;1.1897;0.2623;0.6737;275.8159;213.4082;56.7148;ff6137af-9444-4c2a-a1ee-91f3c85f1947;2023-11-22 11:33:56.5655
anonymous;153;1.1920;0.2616;0.6735;275.5509;210.1846;60.0648;ff6137af-9444-4c2a-a1ee-91f3c85f1947;2023-11-22 11:33:56.5874
anonymous;155;1.1938;0.2608;0.6733;275.3159;206.5819;63.7605;ff6137af-9444-4c2a-a1ee-91f3c85f1947;2023-11-22 11:33:56.6094
anonymous;157;1.1957;0.2598;0.6735;275.0753;202.3112;68.0847;ff6137af-9444-4c2a-a1ee-91f3c85f1947;2023-11-22 11:33:56.6319
anonymous;159;1.1974;0.2592;0.6734;274.8639;197.7339;72.7312;ff6137af-9444-4c2a-a1ee-91f3c85f1947;2023-11-22 11:33:56.6539
anonymous;161;1.1991;0.2586;0.6733;274.6798;192.3795;78.1646;ff6137af-9444-4c2a-a1ee-91f3c85f1947;2023-11-22 11:33:56.6764
anonymous;163;1.2007;0.2573;0.6737;274.5247;186.5126;84.0781;ff6137af-9444-4c2a-a1ee-91f3c85f1947;2023-11-22 11:33:56.6984
anonymous;165;1.2028;0.2564;0.6739;274.4066;179.7758;90.9135;ff6137af-9444-4c2a-a1ee-91f3c85f1947;2023-11-22 11:33:56.7214
anonymous;167;1.2045;0.2556;0.6741;274.3343;172.9753;97.8675;ff6137af-9444-4c2a-a1ee-91f3c85f1947;2023-11-22 11:33:56.7439
anonymous;169;1.2060;0.2541;0.6750;274.3069;166.0459;104.9011;ff6137af-9444-4c2a-a1ee-91f3c85f1947;2023-11-22 11:33:56.7659
anonymous;171;1.2075;0.2532;0.6754;274.3442;159.1365;111.8993;ff6137af-9444-4c2a-a1ee-91f3c85f1947;2023-11-22 11:33:56.7884
anonymous;173;1.2087;0.2523;0.6758;274.4455;152.3821;118.7103;ff6137af-9444-4c2a-a1ee-91f3c85f1947;2023-11-22 11:33:56.8109
anonymous;175;1.2099;0.2514;0.6764;274.6042;145.8782;125.2091;ff6137af-9444-4c2a-a1ee-91f3c85f1947;2023-11-22 11:33:56.8329
anonymous;177;1.2111;0.2506;0.6767;274.8213;139.8583;131.2931;ff6137af-9444-4c2a-a1ee-91f3c85f1947;2023-11-22 11:33:56.8554
anonymous;179;1.2124;0.2497;0.6773;275.0831;134.3863;136.7952;ff6137af-9444-4c2a-a1ee-91f3c85f1947;2023-11-22 11:33:56.8773
anonymous;181;1.2135;0.2489;0.6781;275.3823;129.4881;141.6668;ff6137af-9444-4c2a-a1ee-91f3c85f1947;2023-11-22 11:33:56.9003
anonymous;183;1.2150;0.2480;0.6789;275.7278;125.0595;146.0096;ff6137af-9444-4c2a-a1ee-91f3c85f1947;2023-11-22 11:33:56.9228
anonymous;185;1.2160;0.2470;0.6795;276.1069;121.2553;149.6995;ff6137af-9444-4c2a-a1ee-91f3c85f1947;2023-11-22 11:33:56.9448
anonymous;187;1.2171;0.2466;0.6798;276.5159;117.9975;152.7890;ff6137af-9444-4c2a-a1ee-91f3c85f1947;2023-11-22 11:33:56.9673
anonymous;189;1.2185;0.2459;0.6808;276.9533;114.9600;155.7069;ff6137af-9444-4c2a-a1ee-91f3c85f1947;2023-11-22 11:33:56.9898
anonymous;191;1.2196;0.2452;0.6814;277.3914;112.2572;158.3380;ff6137af-9444-4c2a-a1ee-91f3c85f1947;2023-11-22 11:33:57.0113
anonymous;193;1.2206;0.2447;0.6814;277.8451;109.9880;160.6072;ff6137af-9444-4c2a-a1ee-91f3c85f1947;2023-11-22 11:33:57.0343
anonymous;195;1.2213;0.2443;0.6813;278.2870;107.9748;162.7220;ff6137af-9444-4c2a-a1ee-91f3c85f1947;2023-11-22 11:33:57.0568
anonymous;197;1.2219;0.2437;0.6814;278.7307;106.1418;164.7161;ff6137af-9444-4c2a-a1ee-91f3c85f1947;2023-11-22 11:33:57.0792
anonymous;199;1.2228;0.2429;0.6814;279.2027;104.4529;166.4818;ff6137af-9444-4c2a-a1ee-91f3c85f1947;2023-11-22 11:33:57.1017
anonymous;201;1.2240;0.2422;0.6819;279.7007;102.8217;168.0804;ff6137af-9444-4c2a-a1ee-91f3c85f1947;2023-11-22 11:33:57.1243
anonymous;203;1.2248;0.2414;0.6820;280.1839;101.5050;169.3554;ff6137af-9444-4c2a-a1ee-91f3c85f1947;2023-11-22 11:33:57.1458
anonymous;205;1.2256;0.2408;0.6820;280.6707;100.2293;170.5775;ff6137af-9444-4c2a-a1ee-91f3c85f1947;2023-11-22 11:33:57.1683
anonymous;207;1.2265;0.2401;0.6822;281.1583;98.9919;171.8571;ff6137af-9444-4c2a-a1ee-91f3c85f1947;2023-11-22 11:33:57.1903
anonymous;209;1.2275;0.2395;0.6825;281.6505;97.7243;173.1931;ff6137af-9444-4c2a-a1ee-91f3c85f1947;2023-11-22 11:33:57.2123
anonymous;211;1.2286;0.2388;0.6828;282.1396;96.6153;174.3830;ff6137af-9444-4c2a-a1ee-91f3c85f1947;2023-11-22 11:33:57.2358
anonymous;213;1.2297;0.2383;0.6829;282.6440;95.5350;175.5269;ff6137af-9444-4c2a-a1ee-91f3c85f1947;2023-11-22 11:33:57.2578
anonymous;215;1.2303;0.2377;0.6834;283.1129;94.5120;176.5615;ff6137af-9444-4c2a-a1ee-91f3c85f1947;2023-11-22 11:33:57.2803
anonymous;217;1.2316;0.2373;0.6838;283.6404;93.5266;177.4420;ff6137af-9444-4c2a-a1ee-91f3c85f1947;2023-11-22 11:33:57.3023
anonymous;219;1.2328;0.2365;0.6843;284.1693;92.6763;178.1156;ff6137af-9444-4c2a-a1ee-91f3c85f1947;2023-11-22 11:33:57.3248
anonymous;221;1.2336;0.2356;0.6846;284.6839;91.8091;178.8857;ff6137af-9444-4c2a-a1ee-91f3c85f1947;2023-11-22 11:33:57.3468
anonymous;223;1.2348;0.2351;0.6848;285.2327;90.9433;179.7388;ff6137af-9444-4c2a-a1ee-91f3c85f1947;2023-11-22 11:33:57.3694
anonymous;225;1.2360;0.2342;0.6854;285.8013;90.0773;180.5798;ff6137af-9444-4c2a-a1ee-91f3c85f1947;2023-11-22 11:33:57.3918
anonymous;227;1.2372;0.2348;0.6839;286.3589;89.3055;181.3264;ff6137af-9444-4c2a-a1ee-91f3c85f1947;2023-11-22 11:33:57.4139
anonymous;229;1.2383;0.2341;0.6841;286.9112;88.5394;182.0874;ff6137af-9444-4c2a-a1ee-91f3c85f1947;2023-11-22 11:33:57.4364
anonymous;231;1.2393;0.2332;0.6842;287.4567;87.8382;182.8424;ff6137af-9444-4c2a-a1ee-91f3c85f1947;2023-11-22 11:33:57.4583
anonymous;233;1.2403;0.2323;0.6843;288.0222;87.1815;183.5355;ff6137af-9444-4c2a-a1ee-91f3c85f1947;2023-11-22 11:33:57.4813
anonymous;235;1.2413;0.2316;0.6843;288.5679;86.5790;184.2000;ff6137af-9444-4c2a-a1ee-91f3c85f1947;2023-11-22 11:33:57.5033
anonymous;237;1.2421;0.2309;0.6842;289.0975;86.0219;184.8690;ff6137af-9444-4c2a-a1ee-91f3c85f1947;2023-11-22 11:33:57.5258
anonymous;239;1.2428;0.2304;0.6844;289.6226;85.5189;185.3980;ff6137af-9444-4c2a-a1ee-91f3c85f1947;2023-11-22 11:33:57.5477
anonymous;241;1.2437;0.2297;0.6842;290.1645;85.0891;185.7922;ff6137af-9444-4c2a-a1ee-91f3c85f1947;2023-11-22 11:33:57.5707
anonymous;243;1.2446;0.2290;0.6841;290.6969;84.6466;186.3125;ff6137af-9444-4c2a-a1ee-91f3c85f1947;2023-11-22 11:33:57.5927
anonymous;245;1.2457;0.2283;0.6841;291.2292;84.2325;186.8553;ff6137af-9444-4c2a-a1ee-91f3c85f1947;2023-11-22 11:33:57.6153
anonymous;247;1.2467;0.2275;0.6840;291.7618;83.8857;187.2271;ff6137af-9444-4c2a-a1ee-91f3c85f1947;2023-11-22 11:33:57.6373
anonymous;249;1.2476;0.2265;0.6841;292.3047;83.5776;187.5214;ff6137af-9444-4c2a-a1ee-91f3c85f1947;2023-11-22 11:33:57.6598
anonymous;251;1.2487;0.2253;0.6840;292.8268;83.3227;187.8049;ff6137af-9444-4c2a-a1ee-91f3c85f1947;2023-11-22 11:33:57.6818
anonymous;253;1.2492;0.2243;0.6836;293.3358;83.0542;188.1844;ff6137af-9444-4c2a-a1ee-91f3c85f1947;2023-11-22 11:33:57.7038
anonymous;255;1.2500;0.2234;0.6835;293.8320;82.8024;188.5352;ff6137af-9444-4c2a-a1ee-91f3c85f1947;2023-11-22 11:33:57.7263
anonymous;257;1.2508;0.2225;0.6831;294.3261;82.5920;188.8187;ff6137af-9444-4c2a-a1ee-91f3c85f1947;2023-11-22 11:33:57.7493
anonymous;259;1.2514;0.2217;0.6829;294.7881;82.3876;189.0500;ff6137af-9444-4c2a-a1ee-91f3c85f1947;2023-11-22 11:33:57.7709
anonymous;261;1.2518;0.2212;0.6830;295.2407;82.2048;189.1855;ff6137af-9444-4c2a-a1ee-91f3c85f1947;2023-11-22 11:33:57.7939
anonymous;263;1.2527;0.2206;0.6830;295.6954;82.0137;189.3111;ff6137af-9444-4c2a-a1ee-91f3c85f1947;2023-11-22 11:33:57.8164
anonymous;265;1.2530;0.2195;0.6835;296.1013;81.8295;189.3827;ff6137af-9444-4c2a-a1ee-91f3c85f1947;2023-11-22 11:33:57.8384
anonymous;267;1.2534;0.2189;0.6835;296.5144;81.6552;189.4653;ff6137af-9444-4c2a-a1ee-91f3c85f1947;2023-11-22 11:33:57.8609
anonymous;269;1.2540;0.2185;0.6834;296.9032;81.4801;189.6067;ff6137af-9444-4c2a-a1ee-91f3c85f1947;2023-11-22 11:33:57.8829
anonymous;271;1.2546;0.2183;0.6831;297.2855;81.2814;189.8361;ff6137af-9444-4c2a-a1ee-91f3c85f1947;2023-11-22 11:33:57.9054
anonymous;273;1.2551;0.2184;0.6828;297.6560;81.0639;190.1157;ff6137af-9444-4c2a-a1ee-91f3c85f1947;2023-11-22 11:33:57.9275
anonymous;275;1.2555;0.2187;0.6831;297.9949;80.8221;190.3406;ff6137af-9444-4c2a-a1ee-91f3c85f1947;2023-11-22 11:33:57.9500
anonymous;277;1.2555;0.2190;0.6831;298.3008;80.6175;190.4295;ff6137af-9444-4c2a-a1ee-91f3c85f1947;2023-11-22 11:33:57.9720
anonymous;279;1.2558;0.2192;0.6832;298.6262;80.4167;190.5157;ff6137af-9444-4c2a-a1ee-91f3c85f1947;2023-11-22 11:33:57.9951
anonymous;281;1.2565;0.2191;0.6833;298.9545;80.1788;190.6811;ff6137af-9444-4c2a-a1ee-91f3c85f1947;2023-11-22 11:33:58.0166
anonymous;283;1.2569;0.2188;0.6839;299.2697;79.9334;190.8766;ff6137af-9444-4c2a-a1ee-91f3c85f1947;2023-11-22 11:33:58.0391
anonymous;285;1.2573;0.2185;0.6843;299.6122;79.6708;191.0484;ff6137af-9444-4c2a-a1ee-91f3c85f1947;2023-11-22 11:33:58.0621
anonymous;287;1.2577;0.2181;0.6851;299.9451;79.4183;191.1774;ff6137af-9444-4c2a-a1ee-91f3c85f1947;2023-11-22 11:33:58.0841
anonymous;289;1.2582;0.2175;0.6854;300.2931;79.1665;191.3246;ff6137af-9444-4c2a-a1ee-91f3c85f1947;2023-11-22 11:33:58.1066
anonymous;291;1.2587;0.2166;0.6860;300.6562;78.9136;191.4794;ff6137af-9444-4c2a-a1ee-91f3c85f1947;2023-11-22 11:33:58.1286
anonymous;293;1.2592;0.2149;0.6878;301.0260;78.6409;191.6420;ff6137af-9444-4c2a-a1ee-91f3c85f1947;2023-11-22 11:33:58.1512
anonymous;295;1.2598;0.2137;0.6884;301.3959;78.4376;191.6855;ff6137af-9444-4c2a-a1ee-91f3c85f1947;2023-11-22 11:33:58.1731
anonymous;297;1.2604;0.2125;0.6891;301.7704;78.2328;191.8284;ff6137af-9444-4c2a-a1ee-91f3c85f1947;2023-11-22 11:33:58.1962
anonymous;299;1.2608;0.2112;0.6892;302.1320;77.9905;192.1411;ff6137af-9444-4c2a-a1ee-91f3c85f1947;2023-11-22 11:33:58.2181
anonymous;301;1.2616;0.2106;0.6891;302.5168;77.8286;192.3457;ff6137af-9444-4c2a-a1ee-91f3c85f1947;2023-11-22 11:33:58.2401
anonymous;303;1.2621;0.2093;0.6892;302.9095;77.6595;192.4623;ff6137af-9444-4c2a-a1ee-91f3c85f1947;2023-11-22 11:33:58.2631
anonymous;305;1.2626;0.2079;0.6901;303.3067;77.5465;192.4741;ff6137af-9444-4c2a-a1ee-91f3c85f1947;2023-11-22 11:33:58.2856
anonymous;307;1.2630;0.2071;0.6897;303.7069;77.4428;192.5510;ff6137af-9444-4c2a-a1ee-91f3c85f1947;2023-11-22 11:33:58.3076
anonymous;309;1.2636;0.2064;0.6895;304.1164;77.3134;192.8029;ff6137af-9444-4c2a-a1ee-91f3c85f1947;2023-11-22 11:33:58.3301
anonymous;311;1.2646;0.2057;0.6895;304.5376;77.2092;192.9143;ff6137af-9444-4c2a-a1ee-91f3c85f1947;2023-11-22 11:33:58.3521
anonymous;313;1.2655;0.2053;0.6888;304.9547;77.1444;192.8985;ff6137af-9444-4c2a-a1ee-91f3c85f1947;2023-11-22 11:33:58.3741
anonymous;315;1.2662;0.2045;0.6886;305.3772;77.0365;192.9983;ff6137af-9444-4c2a-a1ee-91f3c85f1947;2023-11-22 11:33:58.3971
anonymous;317;1.2669;0.2039;0.6884;305.7926;76.9425;193.1003;ff6137af-9444-4c2a-a1ee-91f3c85f1947;2023-11-22 11:33:58.4191
anonymous;319;1.2673;0.2033;0.6884;306.1902;76.8169;193.2232;ff6137af-9444-4c2a-a1ee-91f3c85f1947;2023-11-22 11:33:58.4416
anonymous;321;1.2679;0.2024;0.6886;306.6057;76.7031;193.2696;ff6137af-9444-4c2a-a1ee-91f3c85f1947;2023-11-22 11:33:58.4636
anonymous;323;1.2685;0.2009;0.6891;307.0097;76.6307;193.2167;ff6137af-9444-4c2a-a1ee-91f3c85f1947;2023-11-22 11:33:58.4866
anonymous;325;1.2689;0.2004;0.6892;307.3958;76.4998;193.2679;ff6137af-9444-4c2a-a1ee-91f3c85f1947;2023-11-22 11:33:58.5091
anonymous;327;1.2695;0.1997;0.6893;307.8016;76.3972;193.2697;ff6137af-9444-4c2a-a1ee-91f3c85f1947;2023-11-22 11:33:58.5310
anonymous;329;1.2702;0.1985;0.6899;308.1944;76.2992;193.1958;ff6137af-9444-4c2a-a1ee-91f3c85f1947;2023-11-22 11:33:58.5530
anonymous;331;1.2706;0.1975;0.6904;308.5655;76.2080;193.0599;ff6137af-9444-4c2a-a1ee-91f3c85f1947;2023-11-22 11:33:58.5760
anonymous;333;1.2710;0.1966;0.6909;308.9395;76.0941;193.0280;ff6137af-9444-4c2a-a1ee-91f3c85f1947;2023-11-22 11:33:58.5975
anonymous;335;1.2715;0.1954;0.6911;309.3150;75.9782;193.1261;ff6137af-9444-4c2a-a1ee-91f3c85f1947;2023-11-22 11:33:58.6200
anonymous;337;1.2721;0.1945;0.6913;309.6794;75.8707;193.2495;ff6137af-9444-4c2a-a1ee-91f3c85f1947;2023-11-22 11:33:58.6429
anonymous;339;1.2726;0.1935;0.6914;310.0296;75.8076;193.2653;ff6137af-9444-4c2a-a1ee-91f3c85f1947;2023-11-22 11:33:58.6649
anonymous;341;1.2730;0.1924;0.6920;310.3569;75.7585;193.1738;ff6137af-9444-4c2a-a1ee-91f3c85f1947;2023-11-22 11:33:58.6875
anonymous;343;1.2736;0.1914;0.6914;310.6798;75.7393;193.0864;ff6137af-9444-4c2a-a1ee-91f3c85f1947;2023-11-22 11:33:58.7100
anonymous;345;1.2739;0.1904;0.6911;310.9969;75.7268;193.0430;ff6137af-9444-4c2a-a1ee-91f3c85f1947;2023-11-22 11:33:58.7320
anonymous;347;1.2742;0.1895;0.6911;311.3184;75.7162;193.0297;ff6137af-9444-4c2a-a1ee-91f3c85f1947;2023-11-22 11:33:58.7540
anonymous;349;1.2746;0.1888;0.6909;311.6509;75.7268;192.9850;ff6137af-9444-4c2a-a1ee-91f3c85f1947;2023-11-22 11:33:58.7766
anonymous;351;1.2752;0.1879;0.6907;312.0013;75.7285;192.9742;ff6137af-9444-4c2a-a1ee-91f3c85f1947;2023-11-22 11:33:58.7986
anonymous;353;1.2758;0.1863;0.6908;312.3384;75.7337;193.0702;ff6137af-9444-4c2a-a1ee-91f3c85f1947;2023-11-22 11:33:58.8216
anonymous;355;1.2763;0.1854;0.6907;312.6577;75.7340;193.1300;ff6137af-9444-4c2a-a1ee-91f3c85f1947;2023-11-22 11:33:58.8441
anonymous;357;1.2769;0.1845;0.6906;312.9780;75.7613;193.0640;ff6137af-9444-4c2a-a1ee-91f3c85f1947;2023-11-22 11:33:58.8661
anonymous;359;1.2775;0.1835;0.6902;313.3107;75.7831;192.9664;ff6137af-9444-4c2a-a1ee-91f3c85f1947;2023-11-22 11:33:58.8880
anonymous;361;1.2781;0.1826;0.6902;313.6237;75.7834;192.9097;ff6137af-9444-4c2a-a1ee-91f3c85f1947;2023-11-22 11:33:58.9110
anonymous;363;1.2788;0.1821;0.6898;313.9087;75.7831;192.8914;ff6137af-9444-4c2a-a1ee-91f3c85f1947;2023-11-22 11:33:58.9335
anonymous;365;1.2793;0.1811;0.6896;314.1997;75.7764;192.8999;ff6137af-9444-4c2a-a1ee-91f3c85f1947;2023-11-22 11:33:58.9554
anonymous;367;1.2798;0.1800;0.6898;314.4908;75.7734;192.8582;ff6137af-9444-4c2a-a1ee-91f3c85f1947;2023-11-22 11:33:58.9780
anonymous;369;1.2800;0.1791;0.6897;314.7480;75.7765;192.7843;ff6137af-9444-4c2a-a1ee-91f3c85f1947;2023-11-22 11:33:58.9999
anonymous;371;1.2806;0.1776;0.6900;315.0371;75.7595;192.8178;ff6137af-9444-4c2a-a1ee-91f3c85f1947;2023-11-22 11:33:59.0224
anonymous;373;1.2810;0.1765;0.6898;315.2922;75.7516;192.8561;ff6137af-9444-4c2a-a1ee-91f3c85f1947;2023-11-22 11:33:59.0449
anonymous;375;1.2814;0.1755;0.6899;315.5349;75.7454;192.7420;ff6137af-9444-4c2a-a1ee-91f3c85f1947;2023-11-22 11:33:59.0675
anonymous;377;1.2816;0.1748;0.6904;315.7897;75.7189;192.5701;ff6137af-9444-4c2a-a1ee-91f3c85f1947;2023-11-22 11:33:59.0895
anonymous;379;1.2820;0.1739;0.6907;316.0444;75.6907;192.3694;ff6137af-9444-4c2a-a1ee-91f3c85f1947;2023-11-22 11:33:59.1120
anonymous;381;1.2825;0.1730;0.6910;316.2908;75.6324;192.3734;ff6137af-9444-4c2a-a1ee-91f3c85f1947;2023-11-22 11:33:59.1334
anonymous;383;1.2828;0.1718;0.6915;316.5434;75.5556;192.4485;ff6137af-9444-4c2a-a1ee-91f3c85f1947;2023-11-22 11:33:59.1560
anonymous;385;1.2830;0.1709;0.6916;316.7628;75.4789;192.5915;ff6137af-9444-4c2a-a1ee-91f3c85f1947;2023-11-22 11:33:59.1790
anonymous;387;1.2831;0.1699;0.6919;316.9892;75.3527;192.7191;ff6137af-9444-4c2a-a1ee-91f3c85f1947;2023-11-22 11:33:59.2015
anonymous;389;1.2833;0.1691;0.6924;317.2316;75.2367;192.7258;ff6137af-9444-4c2a-a1ee-91f3c85f1947;2023-11-22 11:33:59.2235
anonymous;391;1.2832;0.1681;0.6931;317.4819;75.1315;192.6029;ff6137af-9444-4c2a-a1ee-91f3c85f1947;2023-11-22 11:33:59.2465
anonymous;393;1.2835;0.1668;0.6942;317.7357;75.0396;192.4051;ff6137af-9444-4c2a-a1ee-91f3c85f1947;2023-11-22 11:33:59.2685
anonymous;395;1.2836;0.1656;0.6948;317.9861;74.9305;192.4120;ff6137af-9444-4c2a-a1ee-91f3c85f1947;2023-11-22 11:33:59.2910
anonymous;397;1.2835;0.1648;0.6947;318.2316;74.8363;192.5876;ff6137af-9444-4c2a-a1ee-91f3c85f1947;2023-11-22 11:33:59.3129
anonymous;399;1.2838;0.1641;0.6947;318.5116;74.7507;192.7241;ff6137af-9444-4c2a-a1ee-91f3c85f1947;2023-11-22 11:33:59.3349
anonymous;401;1.2838;0.1633;0.6952;318.7907;74.6712;192.7421;ff6137af-9444-4c2a-a1ee-91f3c85f1947;2023-11-22 11:33:59.3579
anonymous;403;1.2841;0.1622;0.6956;319.0796;74.6329;192.4851;ff6137af-9444-4c2a-a1ee-91f3c85f1947;2023-11-22 11:33:59.3799
anonymous;405;1.2842;0.1612;0.6958;319.3380;74.6296;192.1695;ff6137af-9444-4c2a-a1ee-91f3c85f1947;2023-11-22 11:33:59.4018
anonymous;407;1.2844;0.1604;0.6954;319.5862;74.6045;192.1019;ff6137af-9444-4c2a-a1ee-91f3c85f1947;2023-11-22 11:33:59.4244
anonymous;409;1.2840;0.1597;0.6953;319.8405;74.4247;192.3447;ff6137af-9444-4c2a-a1ee-91f3c85f1947;2023-11-22 11:33:59.4469
anonymous;411;1.2844;0.1589;0.6953;320.1034;74.2895;192.5227;ff6137af-9444-4c2a-a1ee-91f3c85f1947;2023-11-22 11:33:59.4688
anonymous;413;1.2847;0.1577;0.6956;320.3131;74.2667;192.4295;ff6137af-9444-4c2a-a1ee-91f3c85f1947;2023-11-22 11:33:59.4918
anonymous;415;1.2848;0.1571;0.6960;320.5104;74.1905;192.2463;ff6137af-9444-4c2a-a1ee-91f3c85f1947;2023-11-22 11:33:59.5138
anonymous;417;1.2846;0.1566;0.6959;320.6578;74.0903;192.3438;ff6137af-9444-4c2a-a1ee-91f3c85f1947;2023-11-22 11:33:59.5358
anonymous;419;1.2847;0.1561;0.6958;320.7571;74.0377;192.5764;ff6137af-9444-4c2a-a1ee-91f3c85f1947;2023-11-22 11:33:59.5583
anonymous;420;1.2846;0.1560;0.6957;320.7860;73.9683;192.7467;ff6137af-9444-4c2a-a1ee-91f3c85f1947;2023-11-22 11:33:59.5792
anonymous;423;1.2842;0.1560;0.6961;320.8128;73.8803;192.9112;ff6137af-9444-4c2a-a1ee-91f3c85f1947;2023-11-22 11:33:59.6028
anonymous;425;1.2839;0.1563;0.6963;320.7797;73.8683;192.7976;ff6137af-9444-4c2a-a1ee-91f3c85f1947;2023-11-22 11:33:59.6257
anonymous;427;1.2835;0.1567;0.6968;320.6917;73.8350;192.5685;ff6137af-9444-4c2a-a1ee-91f3c85f1947;2023-11-22 11:33:59.6477
anonymous;429;1.2831;0.1575;0.6972;320.5466;73.8000;192.4036;ff6137af-9444-4c2a-a1ee-91f3c85f1947;2023-11-22 11:33:59.6697
anonymous;431;1.2825;0.1586;0.6977;320.3584;73.7949;192.3727;ff6137af-9444-4c2a-a1ee-91f3c85f1947;2023-11-22 11:33:59.6927
anonymous;433;1.2819;0.1596;0.6982;320.1433;73.7952;192.4147;ff6137af-9444-4c2a-a1ee-91f3c85f1947;2023-11-22 11:33:59.7147
anonymous;435;1.2814;0.1610;0.6984;319.9231;73.8068;192.3889;ff6137af-9444-4c2a-a1ee-91f3c85f1947;2023-11-22 11:33:59.7372
anonymous;437;1.2810;0.1625;0.6985;319.6686;73.8542;192.2917;ff6137af-9444-4c2a-a1ee-91f3c85f1947;2023-11-22 11:33:59.7591
anonymous;439;1.2803;0.1636;0.6986;319.3820;73.9016;192.1475;ff6137af-9444-4c2a-a1ee-91f3c85f1947;2023-11-22 11:33:59.7822
anonymous;441;1.2796;0.1651;0.6984;319.1055;73.9450;192.0722;ff6137af-9444-4c2a-a1ee-91f3c85f1947;2023-11-22 11:33:59.8042
anonymous;443;1.2791;0.1667;0.6982;318.8398;74.0196;192.0657;ff6137af-9444-4c2a-a1ee-91f3c85f1947;2023-11-22 11:33:59.8261
anonymous;445;1.2785;0.1677;0.6983;318.5986;74.0656;192.0915;ff6137af-9444-4c2a-a1ee-91f3c85f1947;2023-11-22 11:33:59.8491
anonymous;447;1.2785;0.1688;0.6982;318.3719;74.1382;192.0926;ff6137af-9444-4c2a-a1ee-91f3c85f1947;2023-11-22 11:33:59.8711
anonymous;449;1.2782;0.1698;0.6978;318.1184;74.2158;192.1203;ff6137af-9444-4c2a-a1ee-91f3c85f1947;2023-11-22 11:33:59.8946
anonymous;451;1.2778;0.1709;0.6973;317.8496;74.2794;192.2094;ff6137af-9444-4c2a-a1ee-91f3c85f1947;2023-11-22 11:33:59.9161
anonymous;453;1.2772;0.1717;0.6969;317.5995;74.3458;192.3553;ff6137af-9444-4c2a-a1ee-91f3c85f1947;2023-11-22 11:33:59.9381
anonymous;455;1.2768;0.1727;0.6964;317.3516;74.4057;192.5309;ff6137af-9444-4c2a-a1ee-91f3c85f1947;2023-11-22 11:33:59.9606
anonymous;457;1.2767;0.1736;0.6960;317.1186;74.4425;192.7912;ff6137af-9444-4c2a-a1ee-91f3c85f1947;2023-11-22 11:33:59.9836
anonymous;459;1.2766;0.1744;0.6955;316.8992;74.4694;193.0186;ff6137af-9444-4c2a-a1ee-91f3c85f1947;2023-11-22 11:34:00.0056
anonymous;461;1.2764;0.1751;0.6954;316.6925;74.5093;193.0268;ff6137af-9444-4c2a-a1ee-91f3c85f1947;2023-11-22 11:34:00.0276
anonymous;463;1.2763;0.1753;0.6953;316.4863;74.5879;192.7225;ff6137af-9444-4c2a-a1ee-91f3c85f1947;2023-11-22 11:34:00.0506
anonymous;465;1.2758;0.1755;0.6952;316.2715;74.6303;192.6083;ff6137af-9444-4c2a-a1ee-91f3c85f1947;2023-11-22 11:34:00.0721
anonymous;467;1.2757;0.1758;0.6952;316.0653;74.6418;192.6162;ff6137af-9444-4c2a-a1ee-91f3c85f1947;2023-11-22 11:34:00.0951
anonymous;469;1.2756;0.1760;0.6948;315.8553;74.6524;192.6442;ff6137af-9444-4c2a-a1ee-91f3c85f1947;2023-11-22 11:34:00.1170
anonymous;471;1.2754;0.1764;0.6946;315.6030;74.6938;192.7402;ff6137af-9444-4c2a-a1ee-91f3c85f1947;2023-11-22 11:34:00.1396
anonymous;473;1.2751;0.1767;0.6946;315.3622;74.6728;192.8666;ff6137af-9444-4c2a-a1ee-91f3c85f1947;2023-11-22 11:34:00.1615
anonymous;475;1.2749;0.1773;0.6946;315.0825;74.6917;193.0234;ff6137af-9444-4c2a-a1ee-91f3c85f1947;2023-11-22 11:34:00.1845
anonymous;477;1.2741;0.1780;0.6943;314.7461;74.7363;193.0824;ff6137af-9444-4c2a-a1ee-91f3c85f1947;2023-11-22 11:34:00.2071
anonymous;479;1.2735;0.1785;0.6945;314.4608;74.7164;193.1215;ff6137af-9444-4c2a-a1ee-91f3c85f1947;2023-11-22 11:34:00.2286
anonymous;481;1.2730;0.1792;0.6947;314.1321;74.7312;193.1595;ff6137af-9444-4c2a-a1ee-91f3c85f1947;2023-11-22 11:34:00.2511
anonymous;483;1.2724;0.1800;0.6946;313.7932;74.7567;193.1359;ff6137af-9444-4c2a-a1ee-91f3c85f1947;2023-11-22 11:34:00.2731
anonymous;485;1.2718;0.1808;0.6948;313.4814;74.7570;193.1277;ff6137af-9444-4c2a-a1ee-91f3c85f1947;2023-11-22 11:34:00.2961
anonymous;487;1.2708;0.1815;0.6949;313.1375;74.7751;193.0885;ff6137af-9444-4c2a-a1ee-91f3c85f1947;2023-11-22 11:34:00.3186
anonymous;489;1.2703;0.1821;0.6950;312.8153;74.8108;193.0284;ff6137af-9444-4c2a-a1ee-91f3c85f1947;2023-11-22 11:34:00.3406
anonymous;491;1.2696;0.1826;0.6952;312.4966;74.8559;192.8943;ff6137af-9444-4c2a-a1ee-91f3c85f1947;2023-11-22 11:34:00.3626
anonymous;493;1.2695;0.1835;0.6954;312.1930;74.9004;192.7715;ff6137af-9444-4c2a-a1ee-91f3c85f1947;2023-11-22 11:34:00.3851
anonymous;495;1.2688;0.1840;0.6956;311.8701;74.9733;192.6387;ff6137af-9444-4c2a-a1ee-91f3c85f1947;2023-11-22 11:34:00.4071
anonymous;497;1.2684;0.1845;0.6957;311.5466;75.0352;192.5627;ff6137af-9444-4c2a-a1ee-91f3c85f1947;2023-11-22 11:34:00.4296
anonymous;499;1.2681;0.1851;0.6954;311.2454;75.0932;192.5680;ff6137af-9444-4c2a-a1ee-91f3c85f1947;2023-11-22 11:34:00.4526
anonymous;501;1.2676;0.1860;0.6951;310.9468;75.1615;192.5666;ff6137af-9444-4c2a-a1ee-91f3c85f1947;2023-11-22 11:34:00.4746
anonymous;503;1.2672;0.1869;0.6949;310.6559;75.2449;192.4978;ff6137af-9444-4c2a-a1ee-91f3c85f1947;2023-11-22 11:34:00.4971
anonymous;505;1.2669;0.1876;0.6944;310.3584;75.3551;192.4035;ff6137af-9444-4c2a-a1ee-91f3c85f1947;2023-11-22 11:34:00.5195
anonymous;507;1.2670;0.1885;0.6940;310.1033;75.4554;192.4093;ff6137af-9444-4c2a-a1ee-91f3c85f1947;2023-11-22 11:34:00.5415
anonymous;509;1.2668;0.1889;0.6935;309.8335;75.5606;192.4339;ff6137af-9444-4c2a-a1ee-91f3c85f1947;2023-11-22 11:34:00.5635
anonymous;511;1.2663;0.1895;0.6930;309.5516;75.6569;192.4532;ff6137af-9444-4c2a-a1ee-91f3c85f1947;2023-11-22 11:34:00.5861
anonymous;513;1.2659;0.1899;0.6925;309.2796;75.7606;192.4642;ff6137af-9444-4c2a-a1ee-91f3c85f1947;2023-11-22 11:34:00.6091
anonymous;515;1.2656;0.1903;0.6922;309.0344;75.8714;192.3953;ff6137af-9444-4c2a-a1ee-91f3c85f1947;2023-11-22 11:34:00.6306
anonymous;517;1.2654;0.1907;0.6920;308.7938;75.9874;192.2861;ff6137af-9444-4c2a-a1ee-91f3c85f1947;2023-11-22 11:34:00.6536
anonymous;519;1.2655;0.1915;0.6914;308.5687;76.0968;192.2332;ff6137af-9444-4c2a-a1ee-91f3c85f1947;2023-11-22 11:34:00.6761
anonymous;520;1.2654;0.1917;0.6912;308.4526;76.1497;192.2262;ff6137af-9444-4c2a-a1ee-91f3c85f1947;2023-11-22 11:34:00.7026
anonymous;524;1.2648;0.1921;0.6905;308.0308;76.3442;192.1909;ff6137af-9444-4c2a-a1ee-91f3c85f1947;2023-11-22 11:34:00.7261
anonymous;526;1.2645;0.1925;0.6898;307.7866;76.4512;192.2423;ff6137af-9444-4c2a-a1ee-91f3c85f1947;2023-11-22 11:34:00.7486
anonymous;528;1.2645;0.1928;0.6895;307.5647;76.5402;192.3662;ff6137af-9444-4c2a-a1ee-91f3c85f1947;2023-11-22 11:34:00.7710
anonymous;530;1.2644;0.1928;0.6889;307.3292;76.6465;192.3730;ff6137af-9444-4c2a-a1ee-91f3c85f1947;2023-11-22 11:34:00.7931
anonymous;532;1.2640;0.1934;0.6887;307.0872;76.7470;192.3064;ff6137af-9444-4c2a-a1ee-91f3c85f1947;2023-11-22 11:34:00.8156
anonymous;534;1.2641;0.1939;0.6884;306.8640;76.8703;192.2260;ff6137af-9444-4c2a-a1ee-91f3c85f1947;2023-11-22 11:34:00.8410
anonymous;536;1.2641;0.1941;0.6876;306.6298;76.9903;192.2154;ff6137af-9444-4c2a-a1ee-91f3c85f1947;2023-11-22 11:34:00.8605
anonymous;538;1.2639;0.1947;0.6874;306.3817;77.0871;192.2516;ff6137af-9444-4c2a-a1ee-91f3c85f1947;2023-11-22 11:34:00.8825
anonymous;540;1.2633;0.1952;0.6868;306.1169;77.2065;192.1743;ff6137af-9444-4c2a-a1ee-91f3c85f1947;2023-11-22 11:34:00.9054
anonymous;542;1.2630;0.1958;0.6864;305.8802;77.3270;192.0279;ff6137af-9444-4c2a-a1ee-91f3c85f1947;2023-11-22 11:34:00.9279
anonymous;544;1.2627;0.1964;0.6862;305.6347;77.4355;191.9291;ff6137af-9444-4c2a-a1ee-91f3c85f1947;2023-11-22 11:34:00.9499
anonymous;546;1.2626;0.1968;0.6860;305.3931;77.5474;191.8409;ff6137af-9444-4c2a-a1ee-91f3c85f1947;2023-11-22 11:34:00.9719
anonymous;548;1.2623;0.1970;0.6859;305.1491;77.6441;191.7385;ff6137af-9444-4c2a-a1ee-91f3c85f1947;2023-11-22 11:34:00.9974
anonymous;551;1.2619;0.1979;0.6859;304.7828;77.7573;191.6372;ff6137af-9444-4c2a-a1ee-91f3c85f1947;2023-11-22 11:34:01.0283
anonymous;553;1.2614;0.1985;0.6856;304.5241;77.8311;191.5659;ff6137af-9444-4c2a-a1ee-91f3c85f1947;2023-11-22 11:34:01.0503
anonymous;555;1.2610;0.1990;0.6853;304.2607;77.9218;191.4438;ff6137af-9444-4c2a-a1ee-91f3c85f1947;2023-11-22 11:34:01.0723
anonymous;557;1.2606;0.1997;0.6848;303.9854;78.0135;191.3273;ff6137af-9444-4c2a-a1ee-91f3c85f1947;2023-11-22 11:34:01.0958
anonymous;559;1.2605;0.2002;0.6847;303.7287;78.0889;191.2366;ff6137af-9444-4c2a-a1ee-91f3c85f1947;2023-11-22 11:34:01.1178
anonymous;561;1.2604;0.2006;0.6846;303.4645;78.1686;191.1899;ff6137af-9444-4c2a-a1ee-91f3c85f1947;2023-11-22 11:34:01.1414
anonymous;563;1.2600;0.2008;0.6846;303.1835;78.2379;191.1627;ff6137af-9444-4c2a-a1ee-91f3c85f1947;2023-11-22 11:34:01.1644
anonymous;565;1.2598;0.2009;0.6843;302.9109;78.3299;191.1385;ff6137af-9444-4c2a-a1ee-91f3c85f1947;2023-11-22 11:34:01.1869
anonymous;567;1.2594;0.2009;0.6843;302.6200;78.4345;191.0689;ff6137af-9444-4c2a-a1ee-91f3c85f1947;2023-11-22 11:34:01.2094
anonymous;569;1.2590;0.2012;0.6841;302.3312;78.5540;190.9561;ff6137af-9444-4c2a-a1ee-91f3c85f1947;2023-11-22 11:34:01.2328
anonymous;571;1.2584;0.2015;0.6837;302.0321;78.7008;190.8428;ff6137af-9444-4c2a-a1ee-91f3c85f1947;2023-11-22 11:34:01.2558
anonymous;573;1.2582;0.2015;0.6829;301.7642;78.8775;190.8560;ff6137af-9444-4c2a-a1ee-91f3c85f1947;2023-11-22 11:34:01.2789
anonymous;575;1.2578;0.2020;0.6819;301.4658;79.0340;190.9119;ff6137af-9444-4c2a-a1ee-91f3c85f1947;2023-11-22 11:34:01.3013
anonymous;577;1.2574;0.2023;0.6815;301.1817;79.1851;190.9053;ff6137af-9444-4c2a-a1ee-91f3c85f1947;2023-11-22 11:34:01.3238
anonymous;579;1.2573;0.2028;0.6812;300.9037;79.3571;190.8141;ff6137af-9444-4c2a-a1ee-91f3c85f1947;2023-11-22 11:34:01.3458
anonymous;581;1.2569;0.2032;0.6809;300.6029;79.5660;190.6143;ff6137af-9444-4c2a-a1ee-91f3c85f1947;2023-11-22 11:34:01.3683
anonymous;583;1.2566;0.2034;0.6803;300.3215;79.8052;190.4046;ff6137af-9444-4c2a-a1ee-91f3c85f1947;2023-11-22 11:34:01.3908
anonymous;585;1.2565;0.2040;0.6801;300.0290;80.0361;190.2020;ff6137af-9444-4c2a-a1ee-91f3c85f1947;2023-11-22 11:34:01.4133
anonymous;587;1.2559;0.2049;0.6791;299.7117;80.2721;189.9763;ff6137af-9444-4c2a-a1ee-91f3c85f1947;2023-11-22 11:34:01.4353
anonymous;589;1.2555;0.2056;0.6784;299.4012;80.5295;189.7290;ff6137af-9444-4c2a-a1ee-91f3c85f1947;2023-11-22 11:34:01.4573
anonymous;591;1.2555;0.2059;0.6778;299.1053;80.7725;189.5530;ff6137af-9444-4c2a-a1ee-91f3c85f1947;2023-11-22 11:34:01.4793
anonymous;593;1.2552;0.2059;0.6776;298.8013;80.9799;189.4110;ff6137af-9444-4c2a-a1ee-91f3c85f1947;2023-11-22 11:34:01.5018
anonymous;595;1.2547;0.2065;0.6771;298.4780;81.2250;189.1509;ff6137af-9444-4c2a-a1ee-91f3c85f1947;2023-11-22 11:34:01.5248
anonymous;597;1.2541;0.2069;0.6766;298.1443;81.4682;188.8862;ff6137af-9444-4c2a-a1ee-91f3c85f1947;2023-11-22 11:34:01.5467
anonymous;599;1.2537;0.2073;0.6761;297.8325;81.6923;188.6505;ff6137af-9444-4c2a-a1ee-91f3c85f1947;2023-11-22 11:34:01.5692
anonymous;601;1.2533;0.2078;0.6755;297.5085;81.8939;188.4709;ff6137af-9444-4c2a-a1ee-91f3c85f1947;2023-11-22 11:34:01.5912
anonymous;603;1.2532;0.2085;0.6746;297.1927;82.1071;188.3298;ff6137af-9444-4c2a-a1ee-91f3c85f1947;2023-11-22 11:34:01.6136
anonymous;605;1.2527;0.2085;0.6744;296.8548;82.2753;188.2272;ff6137af-9444-4c2a-a1ee-91f3c85f1947;2023-11-22 11:34:01.6356
anonymous;607;1.2521;0.2091;0.6738;296.5030;82.4591;188.1037;ff6137af-9444-4c2a-a1ee-91f3c85f1947;2023-11-22 11:34:01.6586
anonymous;609;1.2516;0.2093;0.6734;296.1371;82.6522;187.9874;ff6137af-9444-4c2a-a1ee-91f3c85f1947;2023-11-22 11:34:01.6811
anonymous;611;1.2511;0.2097;0.6730;295.7690;82.8135;187.8847;ff6137af-9444-4c2a-a1ee-91f3c85f1947;2023-11-22 11:34:01.7031
anonymous;613;1.2503;0.2101;0.6726;295.3778;82.9926;187.7285;ff6137af-9444-4c2a-a1ee-91f3c85f1947;2023-11-22 11:34:01.7251
anonymous;615;1.2501;0.2107;0.6724;295.0034;83.1686;187.5035;ff6137af-9444-4c2a-a1ee-91f3c85f1947;2023-11-22 11:34:01.7481
anonymous;617;1.2493;0.2107;0.6727;294.6123;83.3697;187.2349;ff6137af-9444-4c2a-a1ee-91f3c85f1947;2023-11-22 11:34:01.7706
anonymous;619;1.2486;0.2115;0.6724;294.2210;83.5448;187.0124;ff6137af-9444-4c2a-a1ee-91f3c85f1947;2023-11-22 11:34:01.7926
anonymous;621;1.2480;0.2123;0.6720;293.8348;83.7157;186.8233;ff6137af-9444-4c2a-a1ee-91f3c85f1947;2023-11-22 11:34:01.8150
anonymous;623;1.2475;0.2128;0.6717;293.4650;83.9142;186.6373;ff6137af-9444-4c2a-a1ee-91f3c85f1947;2023-11-22 11:34:01.8375
anonymous;625;1.2469;0.2128;0.6714;293.0975;84.1016;186.4201;ff6137af-9444-4c2a-a1ee-91f3c85f1947;2023-11-22 11:34:01.8595
anonymous;627;1.2462;0.2133;0.6707;292.7290;84.2926;186.2587;ff6137af-9444-4c2a-a1ee-91f3c85f1947;2023-11-22 11:34:01.8820
anonymous;629;1.2457;0.2131;0.6709;292.3729;84.4446;186.1563;ff6137af-9444-4c2a-a1ee-91f3c85f1947;2023-11-22 11:34:01.9045
anonymous;631;1.2451;0.2137;0.6709;291.9948;84.6048;186.0027;ff6137af-9444-4c2a-a1ee-91f3c85f1947;2023-11-22 11:34:01.9271
anonymous;633;1.2442;0.2143;0.6710;291.6051;84.7944;185.7673;ff6137af-9444-4c2a-a1ee-91f3c85f1947;2023-11-22 11:34:01.9490
anonymous;635;1.2434;0.2147;0.6709;291.2237;84.9788;185.5354;ff6137af-9444-4c2a-a1ee-91f3c85f1947;2023-11-22 11:34:01.9716
anonymous;637;1.2426;0.2147;0.6711;290.8641;85.1280;185.3860;ff6137af-9444-4c2a-a1ee-91f3c85f1947;2023-11-22 11:34:01.9940
anonymous;639;1.2422;0.2150;0.6710;290.5066;85.3408;185.1657;ff6137af-9444-4c2a-a1ee-91f3c85f1947;2023-11-22 11:34:02.0156
anonymous;641;1.2417;0.2152;0.6709;290.1622;85.5435;184.9559;ff6137af-9444-4c2a-a1ee-91f3c85f1947;2023-11-22 11:34:02.0385
anonymous;643;1.2410;0.2152;0.6712;289.8040;85.7498;184.7643;ff6137af-9444-4c2a-a1ee-91f3c85f1947;2023-11-22 11:34:02.0610
anonymous;645;1.2404;0.2154;0.6710;289.4613;85.9602;184.6152;ff6137af-9444-4c2a-a1ee-91f3c85f1947;2023-11-22 11:34:02.0835
anonymous;647;1.2397;0.2151;0.6712;289.1228;86.1458;184.5199;ff6137af-9444-4c2a-a1ee-91f3c85f1947;2023-11-22 11:34:02.1055
anonymous;649;1.2392;0.2152;0.6711;288.7864;86.3362;184.3734;ff6137af-9444-4c2a-a1ee-91f3c85f1947;2023-11-22 11:34:02.1275
anonymous;651;1.2384;0.2152;0.6709;288.4423;86.6038;184.0467;ff6137af-9444-4c2a-a1ee-91f3c85f1947;2023-11-22 11:34:02.1504
anonymous;653;1.2378;0.2152;0.6709;288.1152;86.8051;183.8649;ff6137af-9444-4c2a-a1ee-91f3c85f1947;2023-11-22 11:34:02.1724
anonymous;655;1.2373;0.2152;0.6708;287.7977;87.0128;183.6984;ff6137af-9444-4c2a-a1ee-91f3c85f1947;2023-11-22 11:34:02.1949
anonymous;657;1.2368;0.2165;0.6689;287.4941;87.3980;183.3043;ff6137af-9444-4c2a-a1ee-91f3c85f1947;2023-11-22 11:34:02.2174
anonymous;659;1.2364;0.2161;0.6690;287.1856;87.6652;183.0217;ff6137af-9444-4c2a-a1ee-91f3c85f1947;2023-11-22 11:34:02.2399
anonymous;661;1.2359;0.2160;0.6684;286.8738;87.9661;182.7440;ff6137af-9444-4c2a-a1ee-91f3c85f1947;2023-11-22 11:34:02.2619
anonymous;663;1.2354;0.2164;0.6675;286.5652;88.2833;182.4926;ff6137af-9444-4c2a-a1ee-91f3c85f1947;2023-11-22 11:34:02.2839
anonymous;665;1.2355;0.2165;0.6672;286.2953;88.5296;182.3343;ff6137af-9444-4c2a-a1ee-91f3c85f1947;2023-11-22 11:34:02.3060
anonymous;667;1.2350;0.2174;0.6665;285.9840;88.8516;181.9962;ff6137af-9444-4c2a-a1ee-91f3c85f1947;2023-11-22 11:34:02.3289
anonymous;669;1.2348;0.2183;0.6657;285.6984;89.1916;181.5767;ff6137af-9444-4c2a-a1ee-91f3c85f1947;2023-11-22 11:34:02.3515
anonymous;671;1.2342;0.2188;0.6654;285.3837;89.4892;181.2306;ff6137af-9444-4c2a-a1ee-91f3c85f1947;2023-11-22 11:34:02.3735
anonymous;673;1.2334;0.2178;0.6662;285.0491;89.7299;181.0072;ff6137af-9444-4c2a-a1ee-91f3c85f1947;2023-11-22 11:34:02.3960
anonymous;675;1.2331;0.2181;0.6661;284.7268;90.0020;180.8393;ff6137af-9444-4c2a-a1ee-91f3c85f1947;2023-11-22 11:34:02.4179
anonymous;677;1.2324;0.2173;0.6669;284.3994;90.2903;180.6497;ff6137af-9444-4c2a-a1ee-91f3c85f1947;2023-11-22 11:34:02.4409
anonymous;679;1.2319;0.2174;0.6666;284.0655;90.7257;180.2247;ff6137af-9444-4c2a-a1ee-91f3c85f1947;2023-11-22 11:34:02.4629
anonymous;681;1.2313;0.2176;0.6662;283.7436;91.2371;179.6421;ff6137af-9444-4c2a-a1ee-91f3c85f1947;2023-11-22 11:34:02.4854
anonymous;683;1.2307;0.2179;0.6658;283.3947;91.8143;178.9812;ff6137af-9444-4c2a-a1ee-91f3c85f1947;2023-11-22 11:34:02.5079
anonymous;685;1.2300;0.2183;0.6653;283.0336;92.4190;178.3892;ff6137af-9444-4c2a-a1ee-91f3c85f1947;2023-11-22 11:34:02.5299
anonymous;687;1.2292;0.2186;0.6648;282.6645;93.0422;177.8790;ff6137af-9444-4c2a-a1ee-91f3c85f1947;2023-11-22 11:34:02.5524
anonymous;689;1.2285;0.2176;0.6653;282.2877;93.6605;177.4411;ff6137af-9444-4c2a-a1ee-91f3c85f1947;2023-11-22 11:34:02.5749
anonymous;691;1.2277;0.2176;0.6650;281.9073;94.3802;176.8267;ff6137af-9444-4c2a-a1ee-91f3c85f1947;2023-11-22 11:34:02.5969
anonymous;693;1.2273;0.2175;0.6648;281.5411;95.2434;175.9657;ff6137af-9444-4c2a-a1ee-91f3c85f1947;2023-11-22 11:34:02.6194
anonymous;695;1.2266;0.2171;0.6642;281.1719;96.3274;174.7713;ff6137af-9444-4c2a-a1ee-91f3c85f1947;2023-11-22 11:34:02.6414
anonymous;697;1.2260;0.2163;0.6648;280.7948;97.3319;173.5974;ff6137af-9444-4c2a-a1ee-91f3c85f1947;2023-11-22 11:34:02.6644
anonymous;699;1.2253;0.2165;0.6647;280.4002;98.3801;172.5107;ff6137af-9444-4c2a-a1ee-91f3c85f1947;2023-11-22 11:34:02.6859
anonymous;701;1.2245;0.2161;0.6652;280.0107;99.3527;171.5289;ff6137af-9444-4c2a-a1ee-91f3c85f1947;2023-11-22 11:34:02.7089
anonymous;703;1.2238;0.2163;0.6650;279.6329;100.5139;170.2500;ff6137af-9444-4c2a-a1ee-91f3c85f1947;2023-11-22 11:34:02.7309
anonymous;705;1.2234;0.2165;0.6651;279.2811;101.6621;169.0047;ff6137af-9444-4c2a-a1ee-91f3c85f1947;2023-11-22 11:34:02.7529
anonymous;707;1.2225;0.2167;0.6650;278.8945;102.8391;167.8379;ff6137af-9444-4c2a-a1ee-91f3c85f1947;2023-11-22 11:34:02.7754
anonymous;709;1.2220;0.2175;0.6645;278.5521;104.0357;166.7049;ff6137af-9444-4c2a-a1ee-91f3c85f1947;2023-11-22 11:34:02.7974
anonymous;711;1.2213;0.2177;0.6645;278.2083;105.3422;165.3214;ff6137af-9444-4c2a-a1ee-91f3c85f1947;2023-11-22 11:34:02.8204
anonymous;713;1.2207;0.2183;0.6647;277.8777;106.6426;163.8449;ff6137af-9444-4c2a-a1ee-91f3c85f1947;2023-11-22 11:34:02.8423
anonymous;715;1.2202;0.2184;0.6650;277.5862;107.9359;162.3867;ff6137af-9444-4c2a-a1ee-91f3c85f1947;2023-11-22 11:34:02.8653
anonymous;717;1.2199;0.2185;0.6651;277.3015;109.2218;161.0906;ff6137af-9444-4c2a-a1ee-91f3c85f1947;2023-11-22 11:34:02.8873
anonymous;719;1.2195;0.2185;0.6652;277.0130;110.6100;159.7163;ff6137af-9444-4c2a-a1ee-91f3c85f1947;2023-11-22 11:34:02.9094
anonymous;721;1.2191;0.2185;0.6652;276.7611;112.0368;158.2134;ff6137af-9444-4c2a-a1ee-91f3c85f1947;2023-11-22 11:34:02.9318
anonymous;723;1.2189;0.2186;0.6654;276.5413;113.5557;156.5497;ff6137af-9444-4c2a-a1ee-91f3c85f1947;2023-11-22 11:34:02.9538
anonymous;725;1.2185;0.2188;0.6655;276.3217;115.0208;154.9760;ff6137af-9444-4c2a-a1ee-91f3c85f1947;2023-11-22 11:34:02.9768
anonymous;727;1.2183;0.2189;0.6655;276.1189;116.5786;153.2702;ff6137af-9444-4c2a-a1ee-91f3c85f1947;2023-11-22 11:34:02.9988
anonymous;729;1.2181;0.2188;0.6651;275.9311;118.1177;151.6628;ff6137af-9444-4c2a-a1ee-91f3c85f1947;2023-11-22 11:34:03.0217
anonymous;731;1.2180;0.2190;0.6647;275.7568;119.5488;150.3123;ff6137af-9444-4c2a-a1ee-91f3c85f1947;2023-11-22 11:34:03.0438
anonymous;733;1.2178;0.2189;0.6642;275.5960;121.0685;148.9312;ff6137af-9444-4c2a-a1ee-91f3c85f1947;2023-11-22 11:34:03.0658
anonymous;735;1.2175;0.2189;0.6637;275.4483;122.6916;147.3771;ff6137af-9444-4c2a-a1ee-91f3c85f1947;2023-11-22 11:34:03.0888
anonymous;737;1.2172;0.2188;0.6631;275.3170;124.4084;145.7300;ff6137af-9444-4c2a-a1ee-91f3c85f1947;2023-11-22 11:34:03.1102
anonymous;739;1.2172;0.2186;0.6627;275.2060;125.9696;144.2498;ff6137af-9444-4c2a-a1ee-91f3c85f1947;2023-11-22 11:34:03.1332
anonymous;741;1.2173;0.2185;0.6625;275.1121;127.4308;142.8639;ff6137af-9444-4c2a-a1ee-91f3c85f1947;2023-11-22 11:34:03.1552
anonymous;743;1.2175;0.2183;0.6623;275.0562;129.0255;141.2636;ff6137af-9444-4c2a-a1ee-91f3c85f1947;2023-11-22 11:34:03.1777
anonymous;745;1.2176;0.2182;0.6621;275.0120;130.6287;139.5903;ff6137af-9444-4c2a-a1ee-91f3c85f1947;2023-11-22 11:34:03.2002
anonymous;747;1.2176;0.2182;0.6614;274.9897;132.2932;137.9062;ff6137af-9444-4c2a-a1ee-91f3c85f1947;2023-11-22 11:34:03.2227
anonymous;749;1.2177;0.2181;0.6609;274.9537;133.5612;136.7461;ff6137af-9444-4c2a-a1ee-91f3c85f1947;2023-11-22 11:34:03.2452
anonymous;751;1.2178;0.2182;0.6601;274.9205;134.9389;135.4968;ff6137af-9444-4c2a-a1ee-91f3c85f1947;2023-11-22 11:34:03.2672
anonymous;753;1.2175;0.2183;0.6592;274.8869;136.4999;134.0342;ff6137af-9444-4c2a-a1ee-91f3c85f1947;2023-11-22 11:34:03.2897
anonymous;755;1.2177;0.2184;0.6583;274.8899;137.8561;132.7371;ff6137af-9444-4c2a-a1ee-91f3c85f1947;2023-11-22 11:34:03.3122
anonymous;757;1.2179;0.2199;0.6561;274.8790;139.2461;131.4637;ff6137af-9444-4c2a-a1ee-91f3c85f1947;2023-11-22 11:34:03.3347
anonymous;759;1.2183;0.2199;0.6555;274.8788;140.3804;130.4365;ff6137af-9444-4c2a-a1ee-91f3c85f1947;2023-11-22 11:34:03.3567
anonymous;761;1.2183;0.2200;0.6548;274.8827;141.8416;129.0223;ff6137af-9444-4c2a-a1ee-91f3c85f1947;2023-11-22 11:34:03.3792
anonymous;763;1.2185;0.2200;0.6542;274.9040;143.4908;127.3468;ff6137af-9444-4c2a-a1ee-91f3c85f1947;2023-11-22 11:34:03.4012
anonymous;765;1.2185;0.2197;0.6542;274.9033;144.9724;125.9137;ff6137af-9444-4c2a-a1ee-91f3c85f1947;2023-11-22 11:34:03.4237
anonymous;767;1.2184;0.2196;0.6535;274.9122;146.6790;124.3437;ff6137af-9444-4c2a-a1ee-91f3c85f1947;2023-11-22 11:34:03.4457
anonymous;769;1.2184;0.2195;0.6527;274.9345;148.2964;122.8618;ff6137af-9444-4c2a-a1ee-91f3c85f1947;2023-11-22 11:34:03.4687
anonymous;771;1.2184;0.2194;0.6521;274.9481;149.8064;121.3769;ff6137af-9444-4c2a-a1ee-91f3c85f1947;2023-11-22 11:34:03.4916
anonymous;773;1.2185;0.2194;0.6515;274.9753;151.2503;119.9789;ff6137af-9444-4c2a-a1ee-91f3c85f1947;2023-11-22 11:34:03.5132
anonymous;775;1.2184;0.2194;0.6508;274.9785;152.7663;118.5798;ff6137af-9444-4c2a-a1ee-91f3c85f1947;2023-11-22 11:34:03.5356
anonymous;777;1.2182;0.2189;0.6504;274.9651;154.2784;117.2117;ff6137af-9444-4c2a-a1ee-91f3c85f1947;2023-11-22 11:34:03.5576
anonymous;779;1.2180;0.2188;0.6496;274.9524;155.9485;115.6364;ff6137af-9444-4c2a-a1ee-91f3c85f1947;2023-11-22 11:34:03.5801
anonymous;781;1.2179;0.2187;0.6491;274.9535;157.6057;114.0265;ff6137af-9444-4c2a-a1ee-91f3c85f1947;2023-11-22 11:34:03.6021
anonymous;783;1.2180;0.2185;0.6490;274.9240;159.1071;112.6174;ff6137af-9444-4c2a-a1ee-91f3c85f1947;2023-11-22 11:34:03.6246
anonymous;785;1.2176;0.2186;0.6488;274.8953;160.9916;110.8048;ff6137af-9444-4c2a-a1ee-91f3c85f1947;2023-11-22 11:34:03.6466
anonymous;787;1.2175;0.2183;0.6489;274.8825;162.8629;108.8657;ff6137af-9444-4c2a-a1ee-91f3c85f1947;2023-11-22 11:34:03.6686
anonymous;789;1.2174;0.2182;0.6488;274.8721;164.8398;106.8608;ff6137af-9444-4c2a-a1ee-91f3c85f1947;2023-11-22 11:34:03.6915
anonymous;791;1.2172;0.2180;0.6487;274.8681;166.9189;104.8206;ff6137af-9444-4c2a-a1ee-91f3c85f1947;2023-11-22 11:34:03.7141
anonymous;793;1.2171;0.2178;0.6486;274.8657;169.0122;102.7700;ff6137af-9444-4c2a-a1ee-91f3c85f1947;2023-11-22 11:34:03.7360
anonymous;795;1.2170;0.2178;0.6486;274.8763;171.2937;100.4559;ff6137af-9444-4c2a-a1ee-91f3c85f1947;2023-11-22 11:34:03.7590
anonymous;797;1.2170;0.2177;0.6485;274.8889;173.4410;98.2597;ff6137af-9444-4c2a-a1ee-91f3c85f1947;2023-11-22 11:34:03.7805
anonymous;799;1.2167;0.2176;0.6484;274.8934;175.8317;95.8541;ff6137af-9444-4c2a-a1ee-91f3c85f1947;2023-11-22 11:34:03.8035
anonymous;801;1.2165;0.2175;0.6479;274.9239;178.2095;93.5589;ff6137af-9444-4c2a-a1ee-91f3c85f1947;2023-11-22 11:34:03.8255
anonymous;803;1.2162;0.2174;0.6475;274.9386;180.4636;91.4055;ff6137af-9444-4c2a-a1ee-91f3c85f1947;2023-11-22 11:34:03.8480
anonymous;805;1.2160;0.2174;0.6473;274.9601;182.8748;89.0254;ff6137af-9444-4c2a-a1ee-91f3c85f1947;2023-11-22 11:34:03.8704
anonymous;807;1.2155;0.2180;0.6467;274.9957;185.2129;86.6858;ff6137af-9444-4c2a-a1ee-91f3c85f1947;2023-11-22 11:34:03.8934
anonymous;809;1.2154;0.2181;0.6466;275.0244;187.2350;84.7394;ff6137af-9444-4c2a-a1ee-91f3c85f1947;2023-11-22 11:34:03.9155
anonymous;811;1.2153;0.2185;0.6461;275.0761;189.1713;82.8043;ff6137af-9444-4c2a-a1ee-91f3c85f1947;2023-11-22 11:34:03.9379
anonymous;813;1.2151;0.2185;0.6459;275.1351;190.8591;81.1061;ff6137af-9444-4c2a-a1ee-91f3c85f1947;2023-11-22 11:34:03.9599
anonymous;815;1.2153;0.2185;0.6456;275.1708;192.3115;79.7043;ff6137af-9444-4c2a-a1ee-91f3c85f1947;2023-11-22 11:34:03.9819
anonymous;817;1.2153;0.2183;0.6456;275.1983;193.6718;78.4579;ff6137af-9444-4c2a-a1ee-91f3c85f1947;2023-11-22 11:34:04.0044
anonymous;819;1.2153;0.2185;0.6456;275.2264;194.9084;77.2925;ff6137af-9444-4c2a-a1ee-91f3c85f1947;2023-11-22 11:34:04.0269
anonymous;821;1.2151;0.2184;0.6450;275.2843;195.9600;76.2739;ff6137af-9444-4c2a-a1ee-91f3c85f1947;2023-11-22 11:34:04.0489
anonymous;823;1.2151;0.2181;0.6451;275.3136;196.6648;75.6023;ff6137af-9444-4c2a-a1ee-91f3c85f1947;2023-11-22 11:34:04.0719
anonymous;825;1.2151;0.2181;0.6450;275.3346;197.2334;75.0705;ff6137af-9444-4c2a-a1ee-91f3c85f1947;2023-11-22 11:34:04.0944
anonymous;827;1.2155;0.2180;0.6448;275.3578;197.5198;74.8107;ff6137af-9444-4c2a-a1ee-91f3c85f1947;2023-11-22 11:34:04.1164
anonymous;829;1.2157;0.2180;0.6448;275.3707;197.6062;74.7147;ff6137af-9444-4c2a-a1ee-91f3c85f1947;2023-11-22 11:34:04.1384
anonymous;831;1.2160;0.2180;0.6449;275.3749;197.6508;74.5962;ff6137af-9444-4c2a-a1ee-91f3c85f1947;2023-11-22 11:34:04.1615
anonymous;833;1.2164;0.2179;0.6449;275.3756;197.3606;74.7882;ff6137af-9444-4c2a-a1ee-91f3c85f1947;2023-11-22 11:34:04.1839
anonymous;835;1.2167;0.2179;0.6449;275.3654;197.0306;75.0537;ff6137af-9444-4c2a-a1ee-91f3c85f1947;2023-11-22 11:34:04.2049
anonymous;837;1.2170;0.2178;0.6447;275.3488;196.6159;75.4435;ff6137af-9444-4c2a-a1ee-91f3c85f1947;2023-11-22 11:34:04.2279
anonymous;839;1.2174;0.2178;0.6452;275.2999;196.0393;75.9545;ff6137af-9444-4c2a-a1ee-91f3c85f1947;2023-11-22 11:34:04.2504
anonymous;841;1.2179;0.2177;0.6459;275.2574;195.1289;76.5311;ff6137af-9444-4c2a-a1ee-91f3c85f1947;2023-11-22 11:34:04.2724
anonymous;843;1.2183;0.2179;0.6462;275.2501;194.1666;76.9493;ff6137af-9444-4c2a-a1ee-91f3c85f1947;2023-11-22 11:34:04.2954
anonymous;845;1.2189;0.2178;0.6471;275.2187;193.0053;77.5653;ff6137af-9444-4c2a-a1ee-91f3c85f1947;2023-11-22 11:34:04.3169
anonymous;847;1.2190;0.2176;0.6474;275.1927;192.0611;78.1532;ff6137af-9444-4c2a-a1ee-91f3c85f1947;2023-11-22 11:34:04.3404
anonymous;849;1.2191;0.2176;0.6477;275.1329;191.2951;78.9037;ff6137af-9444-4c2a-a1ee-91f3c85f1947;2023-11-22 11:34:04.3624
anonymous;851;1.2195;0.2173;0.6477;275.0748;190.2514;79.9900;ff6137af-9444-4c2a-a1ee-91f3c85f1947;2023-11-22 11:34:04.3844
anonymous;853;1.2199;0.2170;0.6479;275.0363;189.2291;80.8690;ff6137af-9444-4c2a-a1ee-91f3c85f1947;2023-11-22 11:34:04.4059
anonymous;855;1.2200;0.2169;0.6482;274.9843;188.3433;81.6996;ff6137af-9444-4c2a-a1ee-91f3c85f1947;2023-11-22 11:34:04.4289
anonymous;857;1.2198;0.2166;0.6480;274.9513;187.7076;82.4133;ff6137af-9444-4c2a-a1ee-91f3c85f1947;2023-11-22 11:34:04.4514
anonymous;859;1.2199;0.2162;0.6478;274.9145;186.7341;83.4950;ff6137af-9444-4c2a-a1ee-91f3c85f1947;2023-11-22 11:34:04.4739
anonymous;861;1.2199;0.2151;0.6484;274.8768;185.9696;84.3229;ff6137af-9444-4c2a-a1ee-91f3c85f1947;2023-11-22 11:34:04.4959
anonymous;863;1.2201;0.2147;0.6484;274.8568;184.9962;85.2905;ff6137af-9444-4c2a-a1ee-91f3c85f1947;2023-11-22 11:34:04.5183
anonymous;865;1.2203;0.2141;0.6486;274.8552;184.0008;86.1548;ff6137af-9444-4c2a-a1ee-91f3c85f1947;2023-11-22 11:34:04.5408
anonymous;867;1.2204;0.2135;0.6490;274.8420;183.1112;86.9041;ff6137af-9444-4c2a-a1ee-91f3c85f1947;2023-11-22 11:34:04.5633
anonymous;869;1.2205;0.2132;0.6489;274.8423;182.3496;87.6072;ff6137af-9444-4c2a-a1ee-91f3c85f1947;2023-11-22 11:34:04.5853
anonymous;871;1.2205;0.2131;0.6489;274.8195;181.7348;88.2692;ff6137af-9444-4c2a-a1ee-91f3c85f1947;2023-11-22 11:34:04.6072
anonymous;873;1.2206;0.2130;0.6494;274.8179;181.1196;88.5998;ff6137af-9444-4c2a-a1ee-91f3c85f1947;2023-11-22 11:34:04.6302
anonymous;875;1.2208;0.2129;0.6501;274.8036;180.3098;89.1340;ff6137af-9444-4c2a-a1ee-91f3c85f1947;2023-11-22 11:34:04.6527
anonymous;877;1.2211;0.2128;0.6505;274.8067;179.6160;89.5769;ff6137af-9444-4c2a-a1ee-91f3c85f1947;2023-11-22 11:34:04.6752
anonymous;879;1.2212;0.2131;0.6502;274.7895;179.1885;90.0591;ff6137af-9444-4c2a-a1ee-91f3c85f1947;2023-11-22 11:34:04.6967
anonymous;881;1.2215;0.2132;0.6503;274.7507;178.8004;90.6873;ff6137af-9444-4c2a-a1ee-91f3c85f1947;2023-11-22 11:34:04.7186
anonymous;883;1.2213;0.2133;0.6501;274.7419;178.8159;90.8107;ff6137af-9444-4c2a-a1ee-91f3c85f1947;2023-11-22 11:34:04.7417
anonymous;885;1.2212;0.2134;0.6502;274.7443;178.7212;90.8953;ff6137af-9444-4c2a-a1ee-91f3c85f1947;2023-11-22 11:34:04.7637
anonymous;887;1.2210;0.2134;0.6501;274.7784;178.8144;90.6480;ff6137af-9444-4c2a-a1ee-91f3c85f1947;2023-11-22 11:34:04.7862
anonymous;889;1.2211;0.2135;0.6501;274.7893;178.8105;90.6157;ff6137af-9444-4c2a-a1ee-91f3c85f1947;2023-11-22 11:34:04.8087
anonymous;891;1.2211;0.2136;0.6497;274.7886;179.0840;90.4846;ff6137af-9444-4c2a-a1ee-91f3c85f1947;2023-11-22 11:34:04.8317
anonymous;893;1.2208;0.2134;0.6491;274.8063;179.4554;90.2446;ff6137af-9444-4c2a-a1ee-91f3c85f1947;2023-11-22 11:34:04.8538
anonymous;895;1.2207;0.2134;0.6488;274.8147;179.6273;90.1410;ff6137af-9444-4c2a-a1ee-91f3c85f1947;2023-11-22 11:34:04.8762
anonymous;897;1.2208;0.2134;0.6485;274.8274;179.6291;90.1894;ff6137af-9444-4c2a-a1ee-91f3c85f1947;2023-11-22 11:34:04.8987
anonymous;899;1.2208;0.2137;0.6485;274.8346;179.6445;90.1545;ff6137af-9444-4c2a-a1ee-91f3c85f1947;2023-11-22 11:34:04.9202
anonymous;901;1.2209;0.2136;0.6489;274.8354;179.3729;90.3638;ff6137af-9444-4c2a-a1ee-91f3c85f1947;2023-11-22 11:34:04.9422
anonymous;903;1.2211;0.2134;0.6492;274.8436;178.6834;90.9613;ff6137af-9444-4c2a-a1ee-91f3c85f1947;2023-11-22 11:34:04.9652
anonymous;905;1.2217;0.2133;0.6488;274.8553;177.4734;92.1890;ff6137af-9444-4c2a-a1ee-91f3c85f1947;2023-11-22 11:34:04.9881
anonymous;907;1.2223;0.2134;0.6488;274.8477;175.7254;94.1364;ff6137af-9444-4c2a-a1ee-91f3c85f1947;2023-11-22 11:34:05.0101
anonymous;909;1.2232;0.2135;0.6487;274.8597;173.2754;96.6731;ff6137af-9444-4c2a-a1ee-91f3c85f1947;2023-11-22 11:34:05.0321
anonymous;911;1.2244;0.2135;0.6485;274.9123;170.2151;99.6928;ff6137af-9444-4c2a-a1ee-91f3c85f1947;2023-11-22 11:34:05.0546
anonymous;913;1.2259;0.2137;0.6484;274.9685;166.2809;103.6351;ff6137af-9444-4c2a-a1ee-91f3c85f1947;2023-11-22 11:34:05.0776
anonymous;915;1.2273;0.2139;0.6480;275.0432;161.8979;108.1419;ff6137af-9444-4c2a-a1ee-91f3c85f1947;2023-11-22 11:34:05.0991
anonymous;917;1.2289;0.2142;0.6476;275.1493;157.2492;112.9198;ff6137af-9444-4c2a-a1ee-91f3c85f1947;2023-11-22 11:34:05.1222
anonymous;919;1.2305;0.2142;0.6472;275.3032;152.0376;118.3368;ff6137af-9444-4c2a-a1ee-91f3c85f1947;2023-11-22 11:34:05.1446
anonymous;921;1.2323;0.2142;0.6468;275.5026;146.6794;123.9555;ff6137af-9444-4c2a-a1ee-91f3c85f1947;2023-11-22 11:34:05.1666
anonymous;923;1.2342;0.2140;0.6463;275.7766;141.1552;129.6928;ff6137af-9444-4c2a-a1ee-91f3c85f1947;2023-11-22 11:34:05.1892
anonymous;925;1.2357;0.2137;0.6461;276.0931;136.0765;134.8948;ff6137af-9444-4c2a-a1ee-91f3c85f1947;2023-11-22 11:34:05.2112
anonymous;927;1.2376;0.2133;0.6459;276.5014;131.1221;139.9144;ff6137af-9444-4c2a-a1ee-91f3c85f1947;2023-11-22 11:34:05.2336
anonymous;929;1.2394;0.2127;0.6452;276.9472;126.7370;144.4092;ff6137af-9444-4c2a-a1ee-91f3c85f1947;2023-11-22 11:34:05.2561
anonymous;931;1.2411;0.2121;0.6449;277.4442;122.3936;148.9949;ff6137af-9444-4c2a-a1ee-91f3c85f1947;2023-11-22 11:34:05.2786
anonymous;933;1.2431;0.2115;0.6448;277.9912;118.5290;153.1098;ff6137af-9444-4c2a-a1ee-91f3c85f1947;2023-11-22 11:34:05.3001
anonymous;935;1.2448;0.2108;0.6446;278.5921;115.1172;156.6749;ff6137af-9444-4c2a-a1ee-91f3c85f1947;2023-11-22 11:34:05.3226
anonymous;937;1.2462;0.2099;0.6445;279.2073;112.2405;159.6061;ff6137af-9444-4c2a-a1ee-91f3c85f1947;2023-11-22 11:34:05.3446
anonymous;939;1.2477;0.2085;0.6454;279.8544;109.5228;162.3051;ff6137af-9444-4c2a-a1ee-91f3c85f1947;2023-11-22 11:34:05.3671
anonymous;941;1.2491;0.2077;0.6457;280.5046;107.1053;164.7411;ff6137af-9444-4c2a-a1ee-91f3c85f1947;2023-11-22 11:34:05.3890
anonymous;943;1.2505;0.2071;0.6463;281.1739;104.8745;167.0009;ff6137af-9444-4c2a-a1ee-91f3c85f1947;2023-11-22 11:34:05.4115
anonymous;945;1.2516;0.2065;0.6470;281.8363;102.8969;168.9303;ff6137af-9444-4c2a-a1ee-91f3c85f1947;2023-11-22 11:34:05.4345
anonymous;947;1.2528;0.2066;0.6473;282.5251;101.1046;170.6417;ff6137af-9444-4c2a-a1ee-91f3c85f1947;2023-11-22 11:34:05.4575
anonymous;949;1.2537;0.2061;0.6483;283.1844;99.5152;172.0892;ff6137af-9444-4c2a-a1ee-91f3c85f1947;2023-11-22 11:34:05.4795
anonymous;951;1.2544;0.2058;0.6494;283.8413;98.1122;173.1817;ff6137af-9444-4c2a-a1ee-91f3c85f1947;2023-11-22 11:34:05.5020
anonymous;953;1.2549;0.2071;0.6485;284.4719;96.9870;173.8506;ff6137af-9444-4c2a-a1ee-91f3c85f1947;2023-11-22 11:34:05.5244
anonymous;955;1.2559;0.2073;0.6491;285.1308;95.8781;174.4992;ff6137af-9444-4c2a-a1ee-91f3c85f1947;2023-11-22 11:34:05.5460
anonymous;957;1.2562;0.2070;0.6501;285.7321;94.8042;175.1985;ff6137af-9444-4c2a-a1ee-91f3c85f1947;2023-11-22 11:34:05.5690
anonymous;959;1.2567;0.2060;0.6516;286.3606;93.7654;175.8564;ff6137af-9444-4c2a-a1ee-91f3c85f1947;2023-11-22 11:34:05.5905
anonymous;961;1.2575;0.2059;0.6532;286.9791;92.7422;176.4926;ff6137af-9444-4c2a-a1ee-91f3c85f1947;2023-11-22 11:34:05.6130
anonymous;963;1.2578;0.2056;0.6543;287.5760;91.8734;177.0138;ff6137af-9444-4c2a-a1ee-91f3c85f1947;2023-11-22 11:34:05.6360
anonymous;965;1.2581;0.2054;0.6555;288.1548;91.0373;177.5294;ff6137af-9444-4c2a-a1ee-91f3c85f1947;2023-11-22 11:34:05.6585
anonymous;967;1.2583;0.2051;0.6562;288.7248;90.2364;178.1301;ff6137af-9444-4c2a-a1ee-91f3c85f1947;2023-11-22 11:34:05.6800
anonymous;969;1.2584;0.2049;0.6569;289.2726;89.4917;178.7642;ff6137af-9444-4c2a-a1ee-91f3c85f1947;2023-11-22 11:34:05.7025
anonymous;970;1.2586;0.2048;0.6573;289.5536;89.0965;179.1229;ff6137af-9444-4c2a-a1ee-91f3c85f1947;2023-11-22 11:34:05.7239
anonymous;973;1.2593;0.2044;0.6588;290.3912;88.0331;179.8855;ff6137af-9444-4c2a-a1ee-91f3c85f1947;2023-11-22 11:34:05.7474
anonymous;975;1.2595;0.2041;0.6597;290.9313;87.4366;180.1752;ff6137af-9444-4c2a-a1ee-91f3c85f1947;2023-11-22 11:34:05.7694
anonymous;977;1.2601;0.2036;0.6604;291.4707;86.8741;180.5214;ff6137af-9444-4c2a-a1ee-91f3c85f1947;2023-11-22 11:34:05.7919
anonymous;979;1.2603;0.2033;0.6612;291.9873;86.3163;180.9298;ff6137af-9444-4c2a-a1ee-91f3c85f1947;2023-11-22 11:34:05.8144
anonymous;981;1.2608;0.2030;0.6618;292.5067;85.8253;181.3201;ff6137af-9444-4c2a-a1ee-91f3c85f1947;2023-11-22 11:34:05.8363
anonymous;983;1.2611;0.2015;0.6636;293.0154;85.3547;181.6190;ff6137af-9444-4c2a-a1ee-91f3c85f1947;2023-11-22 11:34:05.8593
anonymous;985;1.2616;0.2009;0.6642;293.5356;84.9643;181.8358;ff6137af-9444-4c2a-a1ee-91f3c85f1947;2023-11-22 11:34:05.8818
anonymous;987;1.2621;0.2002;0.6649;294.0431;84.5604;182.0880;ff6137af-9444-4c2a-a1ee-91f3c85f1947;2023-11-22 11:34:05.9038
anonymous;989;1.2626;0.1996;0.6658;294.5518;84.1989;182.2093;ff6137af-9444-4c2a-a1ee-91f3c85f1947;2023-11-22 11:34:05.9264
anonymous;991;1.2633;0.1978;0.6677;295.0663;83.8913;182.2872;ff6137af-9444-4c2a-a1ee-91f3c85f1947;2023-11-22 11:34:05.9484
anonymous;993;1.2641;0.1972;0.6680;295.5844;83.6438;182.3085;ff6137af-9444-4c2a-a1ee-91f3c85f1947;2023-11-22 11:34:05.9709
anonymous;995;1.2649;0.1959;0.6688;296.0862;83.3915;182.4526;ff6137af-9444-4c2a-a1ee-91f3c85f1947;2023-11-22 11:34:05.9929
anonymous;997;1.2657;0.1951;0.6694;296.5809;83.1005;182.7626;ff6137af-9444-4c2a-a1ee-91f3c85f1947;2023-11-22 11:34:06.0149
anonymous;999;1.2664;0.1944;0.6699;297.0667;82.8798;182.9505;ff6137af-9444-4c2a-a1ee-91f3c85f1947;2023-11-22 11:34:06.0379
anonymous;1001;1.2671;0.1942;0.6702;297.5428;82.6708;183.0222;ff6137af-9444-4c2a-a1ee-91f3c85f1947;2023-11-22 11:34:06.0599
anonymous;1003;1.2676;0.1936;0.6706;297.9931;82.4980;183.0131;ff6137af-9444-4c2a-a1ee-91f3c85f1947;2023-11-22 11:34:06.0829
anonymous;1005;1.2682;0.1932;0.6708;298.4396;82.3423;183.0329;ff6137af-9444-4c2a-a1ee-91f3c85f1947;2023-11-22 11:34:06.1049
anonymous;1007;1.2688;0.1924;0.6710;298.8827;82.1664;183.1738;ff6137af-9444-4c2a-a1ee-91f3c85f1947;2023-11-22 11:34:06.1264
anonymous;1009;1.2693;0.1918;0.6708;299.3023;82.0242;183.3311;ff6137af-9444-4c2a-a1ee-91f3c85f1947;2023-11-22 11:34:06.1494
anonymous;1011;1.2697;0.1917;0.6705;299.6925;81.8443;183.6435;ff6137af-9444-4c2a-a1ee-91f3c85f1947;2023-11-22 11:34:06.1714
anonymous;1013;1.2701;0.1915;0.6703;300.0820;81.6413;184.0081;ff6137af-9444-4c2a-a1ee-91f3c85f1947;2023-11-22 11:34:06.1933
anonymous;1015;1.2707;0.1913;0.6705;300.4655;81.4195;184.3123;ff6137af-9444-4c2a-a1ee-91f3c85f1947;2023-11-22 11:34:06.2158
anonymous;1017;1.2711;0.1909;0.6705;300.8349;81.2468;184.4877;ff6137af-9444-4c2a-a1ee-91f3c85f1947;2023-11-22 11:34:06.2378
anonymous;1019;1.2716;0.1905;0.6705;301.1949;81.0677;184.6959;ff6137af-9444-4c2a-a1ee-91f3c85f1947;2023-11-22 11:34:06.2633
anonymous;1022;1.2724;0.1896;0.6701;301.7397;80.8027;185.1277;ff6137af-9444-4c2a-a1ee-91f3c85f1947;2023-11-22 11:34:06.2943
anonymous;1024;1.2731;0.1891;0.6700;302.0898;80.5911;185.5137;ff6137af-9444-4c2a-a1ee-91f3c85f1947;2023-11-22 11:34:06.3183
anonymous;1027;1.2737;0.1878;0.6708;302.5912;80.3236;185.9314;ff6137af-9444-4c2a-a1ee-91f3c85f1947;2023-11-22 11:34:06.3498
anonymous;1029;1.2739;0.1877;0.6702;302.9088;80.1658;186.0886;ff6137af-9444-4c2a-a1ee-91f3c85f1947;2023-11-22 11:34:06.3733
anonymous;1031;1.2745;0.1864;0.6709;303.2460;80.0143;186.3252;ff6137af-9444-4c2a-a1ee-91f3c85f1947;2023-11-22 11:34:06.3953
anonymous;1033;1.2750;0.1851;0.6714;303.5609;79.8403;186.5934;ff6137af-9444-4c2a-a1ee-91f3c85f1947;2023-11-22 11:34:06.4178
anonymous;1035;1.2751;0.1844;0.6716;303.8579;79.6601;186.8216;ff6137af-9444-4c2a-a1ee-91f3c85f1947;2023-11-22 11:34:06.4403
anonymous;1037;1.2755;0.1843;0.6711;304.1776;79.5450;186.9528;ff6137af-9444-4c2a-a1ee-91f3c85f1947;2023-11-22 11:34:06.4618
anonymous;1039;1.2759;0.1837;0.6713;304.4914;79.4187;187.0813;ff6137af-9444-4c2a-a1ee-91f3c85f1947;2023-11-22 11:34:06.4853
anonymous;1041;1.2764;0.1836;0.6711;304.8079;79.3121;187.1533;ff6137af-9444-4c2a-a1ee-91f3c85f1947;2023-11-22 11:34:06.5073
anonymous;1043;1.2769;0.1829;0.6707;305.1143;79.2118;187.2338;ff6137af-9444-4c2a-a1ee-91f3c85f1947;2023-11-22 11:34:06.5293
anonymous;1045;1.2771;0.1824;0.6708;305.4181;79.0700;187.3919;ff6137af-9444-4c2a-a1ee-91f3c85f1947;2023-11-22 11:34:06.5518
anonymous;1047;1.2779;0.1821;0.6708;305.7441;78.9620;187.4999;ff6137af-9444-4c2a-a1ee-91f3c85f1947;2023-11-22 11:34:06.5738
anonymous;1049;1.2783;0.1817;0.6709;306.0536;78.8569;187.5671;ff6137af-9444-4c2a-a1ee-91f3c85f1947;2023-11-22 11:34:06.5968
anonymous;1051;1.2784;0.1813;0.6708;306.3378;78.7508;187.6977;ff6137af-9444-4c2a-a1ee-91f3c85f1947;2023-11-22 11:34:06.6188
anonymous;1053;1.2788;0.1809;0.6703;306.6297;78.6727;187.8495;ff6137af-9444-4c2a-a1ee-91f3c85f1947;2023-11-22 11:34:06.6413
anonymous;1055;1.2792;0.1797;0.6710;306.9306;78.5738;188.0758;ff6137af-9444-4c2a-a1ee-91f3c85f1947;2023-11-22 11:34:06.6632
anonymous;1057;1.2795;0.1794;0.6709;307.2018;78.4606;188.3402;ff6137af-9444-4c2a-a1ee-91f3c85f1947;2023-11-22 11:34:06.6852
anonymous;1059;1.2799;0.1790;0.6704;307.4742;78.3833;188.5244;ff6137af-9444-4c2a-a1ee-91f3c85f1947;2023-11-22 11:34:06.7088
anonymous;1061;1.2804;0.1783;0.6703;307.7421;78.3093;188.7171;ff6137af-9444-4c2a-a1ee-91f3c85f1947;2023-11-22 11:34:06.7303
anonymous;1063;1.2806;0.1774;0.6705;307.9893;78.2153;188.9657;ff6137af-9444-4c2a-a1ee-91f3c85f1947;2023-11-22 11:34:06.7523
anonymous;1065;1.2813;0.1772;0.6698;308.2337;78.1659;189.1568;ff6137af-9444-4c2a-a1ee-91f3c85f1947;2023-11-22 11:34:06.7753
anonymous;1067;1.2816;0.1771;0.6690;308.4538;78.1443;189.2647;ff6137af-9444-4c2a-a1ee-91f3c85f1947;2023-11-22 11:34:06.7968
anonymous;1069;1.2814;0.1766;0.6683;308.6303;78.1051;189.4684;ff6137af-9444-4c2a-a1ee-91f3c85f1947;2023-11-22 11:34:06.8193
anonymous;1071;1.2815;0.1767;0.6677;308.8060;78.0754;189.6515;ff6137af-9444-4c2a-a1ee-91f3c85f1947;2023-11-22 11:34:06.8423
anonymous;1073;1.2817;0.1770;0.6668;308.9700;78.0924;189.7125;ff6137af-9444-4c2a-a1ee-91f3c85f1947;2023-11-22 11:34:06.8643
anonymous;1075;1.2818;0.1768;0.6664;309.1085;78.1230;189.6288;ff6137af-9444-4c2a-a1ee-91f3c85f1947;2023-11-22 11:34:06.8859
anonymous;1077;1.2820;0.1771;0.6656;309.2137;78.1677;189.5791;ff6137af-9444-4c2a-a1ee-91f3c85f1947;2023-11-22 11:34:06.9088
anonymous;1079;1.2820;0.1772;0.6651;309.3109;78.1893;189.6697;ff6137af-9444-4c2a-a1ee-91f3c85f1947;2023-11-22 11:34:06.9308
anonymous;1081;1.2820;0.1773;0.6644;309.3769;78.2097;189.7571;ff6137af-9444-4c2a-a1ee-91f3c85f1947;2023-11-22 11:34:06.9528
anonymous;1083;1.2819;0.1776;0.6640;309.4288;78.2356;189.7846;ff6137af-9444-4c2a-a1ee-91f3c85f1947;2023-11-22 11:34:06.9763
anonymous;1085;1.2821;0.1776;0.6637;309.4969;78.2516;189.8295;ff6137af-9444-4c2a-a1ee-91f3c85f1947;2023-11-22 11:34:06.9983
anonymous;1087;1.2823;0.1776;0.6633;309.5583;78.2901;189.8718;ff6137af-9444-4c2a-a1ee-91f3c85f1947;2023-11-22 11:34:07.0203
anonymous;1089;1.2821;0.1776;0.6632;309.6025;78.3192;189.8847;ff6137af-9444-4c2a-a1ee-91f3c85f1947;2023-11-22 11:34:07.0423
anonymous;1091;1.2824;0.1775;0.6634;309.6809;78.3646;189.7686;ff6137af-9444-4c2a-a1ee-91f3c85f1947;2023-11-22 11:34:07.0653
anonymous;1093;1.2825;0.1774;0.6632;309.7615;78.4257;189.6571;ff6137af-9444-4c2a-a1ee-91f3c85f1947;2023-11-22 11:34:07.0867
anonymous;1095;1.2827;0.1772;0.6629;309.8411;78.4747;189.6159;ff6137af-9444-4c2a-a1ee-91f3c85f1947;2023-11-22 11:34:07.1097
anonymous;1097;1.2826;0.1770;0.6623;309.8969;78.4980;189.7127;ff6137af-9444-4c2a-a1ee-91f3c85f1947;2023-11-22 11:34:07.1327
anonymous;1099;1.2828;0.1761;0.6624;309.9882;78.5237;189.8592;ff6137af-9444-4c2a-a1ee-91f3c85f1947;2023-11-22 11:34:07.1547
anonymous;1101;1.2829;0.1758;0.6619;310.0737;78.5358;189.9394;ff6137af-9444-4c2a-a1ee-91f3c85f1947;2023-11-22 11:34:07.1762
anonymous;1103;1.2830;0.1753;0.6619;310.1518;78.5585;189.9628;ff6137af-9444-4c2a-a1ee-91f3c85f1947;2023-11-22 11:34:07.1993
anonymous;1105;1.2830;0.1750;0.6622;310.2235;78.5439;190.0228;ff6137af-9444-4c2a-a1ee-91f3c85f1947;2023-11-22 11:34:07.2217
anonymous;1107;1.2835;0.1745;0.6620;310.2954;78.5117;190.1041;ff6137af-9444-4c2a-a1ee-91f3c85f1947;2023-11-22 11:34:07.2437
anonymous;1109;1.2833;0.1743;0.6619;310.3235;78.4843;190.1130;ff6137af-9444-4c2a-a1ee-91f3c85f1947;2023-11-22 11:34:07.2657
anonymous;1111;1.2832;0.1742;0.6619;310.3443;78.4669;190.0691;ff6137af-9444-4c2a-a1ee-91f3c85f1947;2023-11-22 11:34:07.2882
anonymous;1113;1.2830;0.1739;0.6618;310.3085;78.4245;190.0630;ff6137af-9444-4c2a-a1ee-91f3c85f1947;2023-11-22 11:34:07.3102
anonymous;1115;1.2827;0.1740;0.6617;310.2488;78.3826;190.1156;ff6137af-9444-4c2a-a1ee-91f3c85f1947;2023-11-22 11:34:07.3336
anonymous;1117;1.2823;0.1742;0.6616;310.1641;78.3667;190.1159;ff6137af-9444-4c2a-a1ee-91f3c85f1947;2023-11-22 11:34:07.3556
anonymous;1119;1.2817;0.1743;0.6617;310.0186;78.3341;190.1264;ff6137af-9444-4c2a-a1ee-91f3c85f1947;2023-11-22 11:34:07.3781
anonymous;1121;1.2810;0.1744;0.6619;309.8387;78.3133;190.1302;ff6137af-9444-4c2a-a1ee-91f3c85f1947;2023-11-22 11:34:07.4001
anonymous;1123;1.2803;0.1746;0.6617;309.6172;78.2988;190.0810;ff6137af-9444-4c2a-a1ee-91f3c85f1947;2023-11-22 11:34:07.4221
anonymous;1125;1.2797;0.1751;0.6620;309.3558;78.2733;190.0763;ff6137af-9444-4c2a-a1ee-91f3c85f1947;2023-11-22 11:34:07.4451
anonymous;1127;1.2789;0.1758;0.6621;309.0674;78.2437;190.1157;ff6137af-9444-4c2a-a1ee-91f3c85f1947;2023-11-22 11:34:07.4671
anonymous;1129;1.2778;0.1763;0.6623;308.7222;78.2454;190.1026;ff6137af-9444-4c2a-a1ee-91f3c85f1947;2023-11-22 11:34:07.4897
anonymous;1131;1.2769;0.1771;0.6622;308.3722;78.2789;189.9482;ff6137af-9444-4c2a-a1ee-91f3c85f1947;2023-11-22 11:34:07.5122
anonymous;1133;1.2759;0.1777;0.6627;307.9897;78.3056;189.7510;ff6137af-9444-4c2a-a1ee-91f3c85f1947;2023-11-22 11:34:07.5336
anonymous;1135;1.2750;0.1785;0.6632;307.6177;78.3561;189.5563;ff6137af-9444-4c2a-a1ee-91f3c85f1947;2023-11-22 11:34:07.5561
anonymous;1137;1.2744;0.1793;0.6635;307.2289;78.4277;189.3743;ff6137af-9444-4c2a-a1ee-91f3c85f1947;2023-11-22 11:34:07.5791
anonymous;1139;1.2735;0.1801;0.6637;306.8292;78.4963;189.2000;ff6137af-9444-4c2a-a1ee-91f3c85f1947;2023-11-22 11:34:07.6012
anonymous;1141;1.2726;0.1810;0.6640;306.4362;78.6113;188.9973;ff6137af-9444-4c2a-a1ee-91f3c85f1947;2023-11-22 11:34:07.6237
anonymous;1143;1.2719;0.1816;0.6643;306.0534;78.7113;188.9037;ff6137af-9444-4c2a-a1ee-91f3c85f1947;2023-11-22 11:34:07.6457
anonymous;1145;1.2713;0.1827;0.6640;305.6611;78.8025;188.8986;ff6137af-9444-4c2a-a1ee-91f3c85f1947;2023-11-22 11:34:07.6687
anonymous;1147;1.2706;0.1834;0.6638;305.2668;78.8842;188.8948;ff6137af-9444-4c2a-a1ee-91f3c85f1947;2023-11-22 11:34:07.6912
anonymous;1149;1.2697;0.1840;0.6633;304.8477;78.9876;188.8717;ff6137af-9444-4c2a-a1ee-91f3c85f1947;2023-11-22 11:34:07.7132
anonymous;1151;1.2690;0.1846;0.6631;304.4600;79.0981;188.8012;ff6137af-9444-4c2a-a1ee-91f3c85f1947;2023-11-22 11:34:07.7357
anonymous;1153;1.2685;0.1852;0.6628;304.0750;79.2192;188.6830;ff6137af-9444-4c2a-a1ee-91f3c85f1947;2023-11-22 11:34:07.7582
anonymous;1155;1.2679;0.1857;0.6623;303.6752;79.3521;188.5207;ff6137af-9444-4c2a-a1ee-91f3c85f1947;2023-11-22 11:34:07.7797
anonymous;1157;1.2675;0.1864;0.6615;303.2766;79.4811;188.4234;ff6137af-9444-4c2a-a1ee-91f3c85f1947;2023-11-22 11:34:07.8027
anonymous;1159;1.2670;0.1866;0.6611;302.8810;79.5993;188.3887;ff6137af-9444-4c2a-a1ee-91f3c85f1947;2023-11-22 11:34:07.8252
anonymous;1161;1.2665;0.1871;0.6607;302.4671;79.6992;188.4307;ff6137af-9444-4c2a-a1ee-91f3c85f1947;2023-11-22 11:34:07.8472
anonymous;1163;1.2662;0.1875;0.6602;302.0531;79.7763;188.5212;ff6137af-9444-4c2a-a1ee-91f3c85f1947;2023-11-22 11:34:07.8691
anonymous;1165;1.2658;0.1879;0.6593;301.6294;79.9100;188.5217;ff6137af-9444-4c2a-a1ee-91f3c85f1947;2023-11-22 11:34:07.8911
anonymous;1167;1.2654;0.1880;0.6586;301.1881;80.0201;188.5287;ff6137af-9444-4c2a-a1ee-91f3c85f1947;2023-11-22 11:34:07.9141
anonymous;1169;1.2645;0.1881;0.6584;300.7249;80.0910;188.6071;ff6137af-9444-4c2a-a1ee-91f3c85f1947;2023-11-22 11:34:07.9361
anonymous;1171;1.2638;0.1883;0.6586;300.2714;80.1553;188.6289;ff6137af-9444-4c2a-a1ee-91f3c85f1947;2023-11-22 11:34:07.9581
anonymous;1173;1.2629;0.1886;0.6588;299.8088;80.2556;188.4881;ff6137af-9444-4c2a-a1ee-91f3c85f1947;2023-11-22 11:34:07.9811
anonymous;1175;1.2624;0.1891;0.6592;299.3377;80.3991;188.1964;ff6137af-9444-4c2a-a1ee-91f3c85f1947;2023-11-22 11:34:08.0036
anonymous;1177;1.2616;0.1904;0.6594;298.8535;80.5344;187.9467;ff6137af-9444-4c2a-a1ee-91f3c85f1947;2023-11-22 11:34:08.0256
anonymous;1179;1.2610;0.1912;0.6596;298.3634;80.6616;187.7579;ff6137af-9444-4c2a-a1ee-91f3c85f1947;2023-11-22 11:34:08.0479
anonymous;1181;1.2605;0.1922;0.6601;297.8787;80.8121;187.4655;ff6137af-9444-4c2a-a1ee-91f3c85f1947;2023-11-22 11:34:08.0708
anonymous;1183;1.2599;0.1929;0.6607;297.4268;81.0008;187.0578;ff6137af-9444-4c2a-a1ee-91f3c85f1947;2023-11-22 11:34:08.0928
anonymous;1185;1.2592;0.1936;0.6605;296.9848;81.2471;186.6384;ff6137af-9444-4c2a-a1ee-91f3c85f1947;2023-11-22 11:34:08.1153
anonymous;1187;1.2589;0.1945;0.6606;296.5665;81.4578;186.3735;ff6137af-9444-4c2a-a1ee-91f3c85f1947;2023-11-22 11:34:08.1373
anonymous;1189;1.2583;0.1956;0.6607;296.1372;81.6652;186.1303;ff6137af-9444-4c2a-a1ee-91f3c85f1947;2023-11-22 11:34:08.1603
anonymous;1191;1.2577;0.1965;0.6606;295.7117;81.8974;185.8754;ff6137af-9444-4c2a-a1ee-91f3c85f1947;2023-11-22 11:34:08.1823
anonymous;1193;1.2571;0.1974;0.6605;295.3092;82.1302;185.6595;ff6137af-9444-4c2a-a1ee-91f3c85f1947;2023-11-22 11:34:08.2043
anonymous;1195;1.2567;0.1978;0.6605;294.9246;82.3939;185.4073;ff6137af-9444-4c2a-a1ee-91f3c85f1947;2023-11-22 11:34:08.2263
anonymous;1197;1.2562;0.1985;0.6604;294.5447;82.6412;185.1590;ff6137af-9444-4c2a-a1ee-91f3c85f1947;2023-11-22 11:34:08.2493
anonymous;1199;1.2559;0.1988;0.6605;294.1820;82.9307;184.8416;ff6137af-9444-4c2a-a1ee-91f3c85f1947;2023-11-22 11:34:08.2708
anonymous;1201;1.2554;0.1991;0.6602;293.8123;83.2165;184.5920;ff6137af-9444-4c2a-a1ee-91f3c85f1947;2023-11-22 11:34:08.2938
anonymous;1203;1.2550;0.1995;0.6598;293.4455;83.5144;184.3663;ff6137af-9444-4c2a-a1ee-91f3c85f1947;2023-11-22 11:34:08.3163
anonymous;1205;1.2546;0.1999;0.6597;293.1108;83.7554;184.1371;ff6137af-9444-4c2a-a1ee-91f3c85f1947;2023-11-22 11:34:08.3383
anonymous;1207;1.2542;0.2002;0.6596;292.7584;84.0644;183.8040;ff6137af-9444-4c2a-a1ee-91f3c85f1947;2023-11-22 11:34:08.3608
anonymous;1209;1.2536;0.2003;0.6593;292.3981;84.3250;183.5825;ff6137af-9444-4c2a-a1ee-91f3c85f1947;2023-11-22 11:34:08.3832
anonymous;1211;1.2531;0.2001;0.6590;292.0444;84.5672;183.5084;ff6137af-9444-4c2a-a1ee-91f3c85f1947;2023-11-22 11:34:08.4058
anonymous;1213;1.2527;0.1998;0.6586;291.6996;84.8026;183.4601;ff6137af-9444-4c2a-a1ee-91f3c85f1947;2023-11-22 11:34:08.4282
anonymous;1215;1.2525;0.1998;0.6587;291.3694;84.9999;183.3579;ff6137af-9444-4c2a-a1ee-91f3c85f1947;2023-11-22 11:34:08.4502
anonymous;1217;1.2518;0.1999;0.6586;291.0039;85.2658;183.0569;ff6137af-9444-4c2a-a1ee-91f3c85f1947;2023-11-22 11:34:08.4722
anonymous;1219;1.2513;0.2007;0.6576;290.6532;85.5474;182.7186;ff6137af-9444-4c2a-a1ee-91f3c85f1947;2023-11-22 11:34:08.4957
anonymous;1221;1.2507;0.2016;0.6566;290.2957;85.8139;182.4512;ff6137af-9444-4c2a-a1ee-91f3c85f1947;2023-11-22 11:34:08.5172
anonymous;1223;1.2504;0.2010;0.6571;289.9485;85.8822;182.5267;ff6137af-9444-4c2a-a1ee-91f3c85f1947;2023-11-22 11:34:08.5392
anonymous;1225;1.2498;0.2006;0.6577;289.5977;85.9591;182.5211;ff6137af-9444-4c2a-a1ee-91f3c85f1947;2023-11-22 11:34:08.5622
anonymous;1227;1.2496;0.2008;0.6582;289.2805;86.1111;182.2847;ff6137af-9444-4c2a-a1ee-91f3c85f1947;2023-11-22 11:34:08.5841
anonymous;1229;1.2493;0.2008;0.6585;288.9540;86.2946;181.9494;ff6137af-9444-4c2a-a1ee-91f3c85f1947;2023-11-22 11:34:08.6071
anonymous;1231;1.2490;0.2009;0.6586;288.6244;86.4755;181.6641;ff6137af-9444-4c2a-a1ee-91f3c85f1947;2023-11-22 11:34:08.6286
anonymous;1233;1.2485;0.2008;0.6585;288.2751;86.5851;181.6621;ff6137af-9444-4c2a-a1ee-91f3c85f1947;2023-11-22 11:34:08.6516
anonymous;1235;1.2482;0.2008;0.6585;287.9251;86.7161;181.6173;ff6137af-9444-4c2a-a1ee-91f3c85f1947;2023-11-22 11:34:08.6731
anonymous;1237;1.2478;0.2006;0.6587;287.5814;86.8943;181.4097;ff6137af-9444-4c2a-a1ee-91f3c85f1947;2023-11-22 11:34:08.6960
anonymous;1239;1.2472;0.2004;0.6588;287.2244;87.1419;181.1316;ff6137af-9444-4c2a-a1ee-91f3c85f1947;2023-11-22 11:34:08.7185
anonymous;1241;1.2468;0.2002;0.6588;286.8813;87.3727;180.8804;ff6137af-9444-4c2a-a1ee-91f3c85f1947;2023-11-22 11:34:08.7405
anonymous;1243;1.2467;0.2000;0.6588;286.5414;87.6171;180.6640;ff6137af-9444-4c2a-a1ee-91f3c85f1947;2023-11-22 11:34:08.7625
anonymous;1245;1.2465;0.1998;0.6586;286.1901;87.9045;180.4643;ff6137af-9444-4c2a-a1ee-91f3c85f1947;2023-11-22 11:34:08.7850
anonymous;1247;1.2457;0.1997;0.6583;285.8093;88.2277;180.2724;ff6137af-9444-4c2a-a1ee-91f3c85f1947;2023-11-22 11:34:08.8080
anonymous;1249;1.2450;0.2000;0.6572;285.4194;88.6429;179.9255;ff6137af-9444-4c2a-a1ee-91f3c85f1947;2023-11-22 11:34:08.8300
anonymous;1251;1.2448;0.2000;0.6569;285.0490;89.0359;179.5705;ff6137af-9444-4c2a-a1ee-91f3c85f1947;2023-11-22 11:34:08.8524
anonymous;1253;1.2440;0.1987;0.6580;284.6569;89.3649;179.3633;ff6137af-9444-4c2a-a1ee-91f3c85f1947;2023-11-22 11:34:08.8749
anonymous;1255;1.2434;0.1989;0.6580;284.2675;89.7556;179.0858;ff6137af-9444-4c2a-a1ee-91f3c85f1947;2023-11-22 11:34:08.8970
anonymous;1257;1.2429;0.1989;0.6579;283.8898;90.1905;178.6930;ff6137af-9444-4c2a-a1ee-91f3c85f1947;2023-11-22 11:34:08.9195
anonymous;1259;1.2424;0.1989;0.6578;283.4984;90.6935;178.2031;ff6137af-9444-4c2a-a1ee-91f3c85f1947;2023-11-22 11:34:08.9415
anonymous;1261;1.2421;0.1989;0.6578;283.1138;91.2468;177.6481;ff6137af-9444-4c2a-a1ee-91f3c85f1947;2023-11-22 11:34:08.9635
anonymous;1263;1.2417;0.1991;0.6577;282.7338;91.8031;177.0656;ff6137af-9444-4c2a-a1ee-91f3c85f1947;2023-11-22 11:34:08.9860
anonymous;1265;1.2409;0.1982;0.6587;282.3361;92.3928;176.4507;ff6137af-9444-4c2a-a1ee-91f3c85f1947;2023-11-22 11:34:09.0090
anonymous;1267;1.2403;0.1975;0.6595;281.9555;93.0023;175.8408;ff6137af-9444-4c2a-a1ee-91f3c85f1947;2023-11-22 11:34:09.0305
anonymous;1269;1.2399;0.1974;0.6593;281.5876;93.8287;175.0002;ff6137af-9444-4c2a-a1ee-91f3c85f1947;2023-11-22 11:34:09.0535
anonymous;1271;1.2395;0.1973;0.6592;281.2200;94.6397;174.1493;ff6137af-9444-4c2a-a1ee-91f3c85f1947;2023-11-22 11:34:09.0760
anonymous;1273;1.2390;0.1974;0.6592;280.8549;95.5302;173.2899;ff6137af-9444-4c2a-a1ee-91f3c85f1947;2023-11-22 11:34:09.0981
anonymous;1275;1.2387;0.1975;0.6592;280.4818;96.3317;172.5533;ff6137af-9444-4c2a-a1ee-91f3c85f1947;2023-11-22 11:34:09.1205
anonymous;1277;1.2382;0.1974;0.6589;280.1151;97.3204;171.5519;ff6137af-9444-4c2a-a1ee-91f3c85f1947;2023-11-22 11:34:09.1425
anonymous;1279;1.2379;0.1972;0.6587;279.7661;98.2429;170.5855;ff6137af-9444-4c2a-a1ee-91f3c85f1947;2023-11-22 11:34:09.1650
anonymous;1281;1.2377;0.1972;0.6587;279.4272;99.2235;169.6429;ff6137af-9444-4c2a-a1ee-91f3c85f1947;2023-11-22 11:34:09.1870
anonymous;1283;1.2371;0.1970;0.6584;279.0632;100.1739;168.8532;ff6137af-9444-4c2a-a1ee-91f3c85f1947;2023-11-22 11:34:09.2100
anonymous;1285;1.2366;0.1970;0.6582;278.7065;101.2382;167.9420;ff6137af-9444-4c2a-a1ee-91f3c85f1947;2023-11-22 11:34:09.2320
anonymous;1287;1.2363;0.1971;0.6580;278.3590;102.3779;166.8814;ff6137af-9444-4c2a-a1ee-91f3c85f1947;2023-11-22 11:34:09.2540
anonymous;1289;1.2362;0.1970;0.6579;278.0255;103.6545;165.5697;ff6137af-9444-4c2a-a1ee-91f3c85f1947;2023-11-22 11:34:09.2769
anonymous;1291;1.2359;0.1968;0.6580;277.6851;104.9849;164.1822;ff6137af-9444-4c2a-a1ee-91f3c85f1947;2023-11-22 11:34:09.2989
anonymous;1293;1.2354;0.1966;0.6578;277.3250;106.3748;162.8284;ff6137af-9444-4c2a-a1ee-91f3c85f1947;2023-11-22 11:34:09.3208
anonymous;1295;1.2350;0.1964;0.6578;276.9784;107.9207;161.2920;ff6137af-9444-4c2a-a1ee-91f3c85f1947;2023-11-22 11:34:09.3438
anonymous;1297;1.2346;0.1962;0.6579;276.6365;109.6121;159.5749;ff6137af-9444-4c2a-a1ee-91f3c85f1947;2023-11-22 11:34:09.3658
anonymous;1299;1.2342;0.1962;0.6579;276.3031;111.4743;157.6620;ff6137af-9444-4c2a-a1ee-91f3c85f1947;2023-11-22 11:34:09.3883
anonymous;1301;1.2340;0.1963;0.6576;275.9755;113.6687;155.4617;ff6137af-9444-4c2a-a1ee-91f3c85f1947;2023-11-22 11:34:09.4103
anonymous;1303;1.2335;0.1964;0.6576;275.6430;115.8904;153.2669;ff6137af-9444-4c2a-a1ee-91f3c85f1947;2023-11-22 11:34:09.4327
anonymous;1305;1.2331;0.1968;0.6576;275.3199;118.3964;150.7479;ff6137af-9444-4c2a-a1ee-91f3c85f1947;2023-11-22 11:34:09.4552
anonymous;1307;1.2326;0.1969;0.6577;275.0041;121.2675;147.8503;ff6137af-9444-4c2a-a1ee-91f3c85f1947;2023-11-22 11:34:09.4777
anonymous;1309;1.2322;0.1973;0.6573;274.7360;124.2807;144.8092;ff6137af-9444-4c2a-a1ee-91f3c85f1947;2023-11-22 11:34:09.4997
anonymous;1311;1.2316;0.1977;0.6573;274.4748;127.6391;141.4260;ff6137af-9444-4c2a-a1ee-91f3c85f1947;2023-11-22 11:34:09.5226
anonymous;1313;1.2314;0.1981;0.6571;274.2705;130.9839;138.0448;ff6137af-9444-4c2a-a1ee-91f3c85f1947;2023-11-22 11:34:09.5452
anonymous;1315;1.2310;0.1982;0.6570;274.0814;134.8015;134.1984;ff6137af-9444-4c2a-a1ee-91f3c85f1947;2023-11-22 11:34:09.5672
anonymous;1317;1.2304;0.1987;0.6565;273.9152;139.0304;129.9489;ff6137af-9444-4c2a-a1ee-91f3c85f1947;2023-11-22 11:34:09.5897
anonymous;1319;1.2301;0.1990;0.6560;273.7875;143.2190;125.7553;ff6137af-9444-4c2a-a1ee-91f3c85f1947;2023-11-22 11:34:09.6117
anonymous;1321;1.2298;0.1990;0.6554;273.6917;147.4743;121.6041;ff6137af-9444-4c2a-a1ee-91f3c85f1947;2023-11-22 11:34:09.6342
anonymous;1323;1.2297;0.1993;0.6543;273.6271;151.4929;117.7519;ff6137af-9444-4c2a-a1ee-91f3c85f1947;2023-11-22 11:34:09.6562
anonymous;1325;1.2297;0.1997;0.6532;273.5765;155.3804;114.1116;ff6137af-9444-4c2a-a1ee-91f3c85f1947;2023-11-22 11:34:09.6792
anonymous;1327;1.2295;0.1996;0.6524;273.5509;159.2327;110.4689;ff6137af-9444-4c2a-a1ee-91f3c85f1947;2023-11-22 11:34:09.7006
anonymous;1329;1.2295;0.1999;0.6511;273.5576;162.6833;107.2094;ff6137af-9444-4c2a-a1ee-91f3c85f1947;2023-11-22 11:34:09.7236
anonymous;1331;1.2294;0.2001;0.6500;273.5734;165.9845;104.0674;ff6137af-9444-4c2a-a1ee-91f3c85f1947;2023-11-22 11:34:09.7466
anonymous;1333;1.2294;0.1999;0.6494;273.5864;168.8877;101.3404;ff6137af-9444-4c2a-a1ee-91f3c85f1947;2023-11-22 11:34:09.7681
anonymous;1335;1.2294;0.2000;0.6485;273.6243;171.6734;98.6385;ff6137af-9444-4c2a-a1ee-91f3c85f1947;2023-11-22 11:34:09.7911
anonymous;1337;1.2294;0.1999;0.6478;273.6701;174.1975;96.0984;ff6137af-9444-4c2a-a1ee-91f3c85f1947;2023-11-22 11:34:09.8136
anonymous;1339;1.2296;0.2001;0.6468;273.7099;176.4421;93.9024;ff6137af-9444-4c2a-a1ee-91f3c85f1947;2023-11-22 11:34:09.8356
anonymous;1341;1.2298;0.1995;0.6464;273.7546;178.3170;92.2021;ff6137af-9444-4c2a-a1ee-91f3c85f1947;2023-11-22 11:34:09.8576
anonymous;1343;1.2299;0.1992;0.6460;273.7776;179.9111;90.7644;ff6137af-9444-4c2a-a1ee-91f3c85f1947;2023-11-22 11:34:09.8796
anonymous;1345;1.2301;0.1989;0.6458;273.8167;181.2358;89.4709;ff6137af-9444-4c2a-a1ee-91f3c85f1947;2023-11-22 11:34:09.9026
anonymous;1347;1.2305;0.1988;0.6457;273.8487;182.3200;88.3864;ff6137af-9444-4c2a-a1ee-91f3c85f1947;2023-11-22 11:34:09.9250
anonymous;1349;1.2307;0.1989;0.6458;273.8718;183.2708;87.4372;ff6137af-9444-4c2a-a1ee-91f3c85f1947;2023-11-22 11:34:09.9470
anonymous;1351;1.2307;0.1988;0.6458;273.8975;184.3260;86.3485;ff6137af-9444-4c2a-a1ee-91f3c85f1947;2023-11-22 11:34:09.9696
anonymous;1353;1.2309;0.1987;0.6454;273.9442;184.9535;85.6355;ff6137af-9444-4c2a-a1ee-91f3c85f1947;2023-11-22 11:34:09.9925
anonymous;1355;1.2311;0.1988;0.6454;273.9585;185.5051;85.0610;ff6137af-9444-4c2a-a1ee-91f3c85f1947;2023-11-22 11:34:10.0145
anonymous;1357;1.2312;0.1989;0.6452;273.9737;185.9210;84.6915;ff6137af-9444-4c2a-a1ee-91f3c85f1947;2023-11-22 11:34:10.0365
anonymous;1359;1.2312;0.1991;0.6453;273.9799;186.4599;84.1810;ff6137af-9444-4c2a-a1ee-91f3c85f1947;2023-11-22 11:34:10.0590
anonymous;1361;1.2311;0.1993;0.6451;274.0066;186.8103;83.8220;ff6137af-9444-4c2a-a1ee-91f3c85f1947;2023-11-22 11:34:10.0809
anonymous;1363;1.2312;0.1994;0.6451;274.0098;186.8790;83.7922;ff6137af-9444-4c2a-a1ee-91f3c85f1947;2023-11-22 11:34:10.1039
anonymous;1365;1.2312;0.1996;0.6450;274.0107;186.8839;83.7853;ff6137af-9444-4c2a-a1ee-91f3c85f1947;2023-11-22 11:34:10.1264
anonymous;1367;1.2312;0.1998;0.6450;274.0073;186.9321;83.7091;ff6137af-9444-4c2a-a1ee-91f3c85f1947;2023-11-22 11:34:10.1484
anonymous;1369;1.2316;0.1998;0.6453;273.9996;186.3724;84.2160;ff6137af-9444-4c2a-a1ee-91f3c85f1947;2023-11-22 11:34:10.1709
anonymous;1371;1.2316;0.1991;0.6463;273.9936;186.3326;84.2260;ff6137af-9444-4c2a-a1ee-91f3c85f1947;2023-11-22 11:34:10.1933
anonymous;1373;1.2313;0.1993;0.6463;274.0009;186.2658;84.2679;ff6137af-9444-4c2a-a1ee-91f3c85f1947;2023-11-22 11:34:10.2154
anonymous;1375;1.2313;0.1991;0.6467;274.0025;186.0235;84.4705;ff6137af-9444-4c2a-a1ee-91f3c85f1947;2023-11-22 11:34:10.2378
anonymous;1377;1.2313;0.1993;0.6466;274.0050;185.7617;84.7098;ff6137af-9444-4c2a-a1ee-91f3c85f1947;2023-11-22 11:34:10.2603
anonymous;1379;1.2314;0.1993;0.6465;274.0156;185.2892;85.1699;ff6137af-9444-4c2a-a1ee-91f3c85f1947;2023-11-22 11:34:10.2828
anonymous;1381;1.2312;0.1993;0.6464;274.0070;185.0928;85.4153;ff6137af-9444-4c2a-a1ee-91f3c85f1947;2023-11-22 11:34:10.3043
anonymous;1383;1.2312;0.1993;0.6464;274.0040;184.7248;85.7814;ff6137af-9444-4c2a-a1ee-91f3c85f1947;2023-11-22 11:34:10.3263
anonymous;1385;1.2312;0.1993;0.6462;274.0106;184.2654;86.2360;ff6137af-9444-4c2a-a1ee-91f3c85f1947;2023-11-22 11:34:10.3493
anonymous;1387;1.2313;0.1994;0.6459;274.0114;183.9176;86.6665;ff6137af-9444-4c2a-a1ee-91f3c85f1947;2023-11-22 11:34:10.3712
anonymous;1389;1.2313;0.1994;0.6459;274.0143;183.7738;86.8423;ff6137af-9444-4c2a-a1ee-91f3c85f1947;2023-11-22 11:34:10.3937
anonymous;1391;1.2316;0.1994;0.6459;274.0244;183.3483;87.2216;ff6137af-9444-4c2a-a1ee-91f3c85f1947;2023-11-22 11:34:10.4167
anonymous;1393;1.2317;0.1994;0.6458;274.0267;183.2433;87.2881;ff6137af-9444-4c2a-a1ee-91f3c85f1947;2023-11-22 11:34:10.4382
anonymous;1395;1.2317;0.1994;0.6457;274.0359;183.1668;87.3128;ff6137af-9444-4c2a-a1ee-91f3c85f1947;2023-11-22 11:34:10.4607
anonymous;1397;1.2317;0.1995;0.6456;274.0431;183.2608;87.2006;ff6137af-9444-4c2a-a1ee-91f3c85f1947;2023-11-22 11:34:10.4827
anonymous;1399;1.2317;0.1993;0.6454;274.0421;183.4243;87.0619;ff6137af-9444-4c2a-a1ee-91f3c85f1947;2023-11-22 11:34:10.5057
anonymous;1401;1.2317;0.1992;0.6450;274.0369;183.6633;86.8945;ff6137af-9444-4c2a-a1ee-91f3c85f1947;2023-11-22 11:34:10.5277
anonymous;1403;1.2319;0.1993;0.6449;274.0237;183.8193;86.8633;ff6137af-9444-4c2a-a1ee-91f3c85f1947;2023-11-22 11:34:10.5502
anonymous;1405;1.2318;0.1990;0.6451;274.0028;184.1714;86.5632;ff6137af-9444-4c2a-a1ee-91f3c85f1947;2023-11-22 11:34:10.5722
anonymous;1407;1.2319;0.1990;0.6452;273.9942;184.4264;86.2651;ff6137af-9444-4c2a-a1ee-91f3c85f1947;2023-11-22 11:34:10.5942
anonymous;1409;1.2320;0.1989;0.6452;273.9907;184.6993;85.8969;ff6137af-9444-4c2a-a1ee-91f3c85f1947;2023-11-22 11:34:10.6172
anonymous;1411;1.2323;0.1989;0.6452;273.9886;184.9491;85.5948;ff6137af-9444-4c2a-a1ee-91f3c85f1947;2023-11-22 11:34:10.6397
anonymous;1413;1.2325;0.1988;0.6450;273.9884;185.3506;85.2402;ff6137af-9444-4c2a-a1ee-91f3c85f1947;2023-11-22 11:34:10.6617
anonymous;1415;1.2326;0.1987;0.6446;273.9885;185.6246;85.0400;ff6137af-9444-4c2a-a1ee-91f3c85f1947;2023-11-22 11:34:10.6878
anonymous;1418;1.2329;0.1986;0.6442;274.0015;186.0955;84.6058;ff6137af-9444-4c2a-a1ee-91f3c85f1947;2023-11-22 11:34:10.7177
anonymous;1420;1.2328;0.1987;0.6440;274.0013;186.6006;84.1142;ff6137af-9444-4c2a-a1ee-91f3c85f1947;2023-11-22 11:34:10.7397
