Email;Framecount;RightControllerPosWorldX;RightControllerPosWorldY;RightControllerPosWorldZ;RightControllerRotEulerX;RightControllerRotEulerY;RightControllerRotEulerZ;SessionID;Timestamp
anonymous;1;0.0000;0.0000;0.0000;0.0000;0.0000;0.0000;06690c55-c667-4880-9cc9-28ebcf33984f;2023-11-22 10:48:12.0606
anonymous;2;0.0000;0.0000;0.0000;0.0000;0.0000;0.0000;06690c55-c667-4880-9cc9-28ebcf33984f;2023-11-22 10:48:12.5912
anonymous;3;1.4361;0.0581;0.0177;270.7803;263.2854;10.4030;06690c55-c667-4880-9cc9-28ebcf33984f;2023-11-22 10:48:12.6171
anonymous;6;1.4356;0.0581;0.0174;270.8011;268.3583;5.5468;06690c55-c667-4880-9cc9-28ebcf33984f;2023-11-22 10:48:12.6540
anonymous;10;1.4346;0.0582;0.0167;270.8426;271.4985;2.5491;06690c55-c667-4880-9cc9-28ebcf33984f;2023-11-22 10:48:12.6819
anonymous;12;1.4340;0.0583;0.0165;270.8709;272.6114;1.4398;06690c55-c667-4880-9cc9-28ebcf33984f;2023-11-22 10:48:12.7049
anonymous;14;1.4336;0.0583;0.0161;270.8867;272.0006;1.9798;06690c55-c667-4880-9cc9-28ebcf33984f;2023-11-22 10:48:12.7278
anonymous;16;1.4332;0.0584;0.0158;270.8922;271.2523;2.6009;06690c55-c667-4880-9cc9-28ebcf33984f;2023-11-22 10:48:12.7497
anonymous;18;1.4331;0.0586;0.0157;270.8965;271.8921;1.9182;06690c55-c667-4880-9cc9-28ebcf33984f;2023-11-22 10:48:12.7717
anonymous;20;1.4324;0.0586;0.0155;270.9262;272.1742;1.6867;06690c55-c667-4880-9cc9-28ebcf33984f;2023-11-22 10:48:12.7936
anonymous;22;1.4318;0.0587;0.0151;270.9431;272.3008;1.6457;06690c55-c667-4880-9cc9-28ebcf33984f;2023-11-22 10:48:12.8166
anonymous;24;1.4314;0.0596;0.0128;270.8306;263.3553;10.7235;06690c55-c667-4880-9cc9-28ebcf33984f;2023-11-22 10:48:12.9562
anonymous;27;1.4312;0.0600;0.0124;270.8075;260.6588;13.4034;06690c55-c667-4880-9cc9-28ebcf33984f;2023-11-22 10:48:12.9851
anonymous;29;1.4313;0.0600;0.0118;270.7836;257.1927;16.8831;06690c55-c667-4880-9cc9-28ebcf33984f;2023-11-22 10:48:13.0070
anonymous;31;1.4314;0.0601;0.0115;270.7494;255.0325;19.0535;06690c55-c667-4880-9cc9-28ebcf33984f;2023-11-22 10:48:13.0290
anonymous;33;1.4312;0.0601;0.0112;270.7386;252.3388;21.7559;06690c55-c667-4880-9cc9-28ebcf33984f;2023-11-22 10:48:13.0509
anonymous;35;1.4311;0.0602;0.0109;270.7212;250.0027;24.0994;06690c55-c667-4880-9cc9-28ebcf33984f;2023-11-22 10:48:13.0739
anonymous;37;1.4307;0.0602;0.0112;270.7122;249.3011;24.7907;06690c55-c667-4880-9cc9-28ebcf33984f;2023-11-22 10:48:13.0958
anonymous;39;1.4307;0.0603;0.0111;270.6938;246.6246;27.4088;06690c55-c667-4880-9cc9-28ebcf33984f;2023-11-22 10:48:13.1207
anonymous;41;1.4309;0.0602;0.0109;270.6703;242.0976;31.8752;06690c55-c667-4880-9cc9-28ebcf33984f;2023-11-22 10:48:13.1407
anonymous;43;1.4309;0.0602;0.0110;270.6438;240.0456;33.9406;06690c55-c667-4880-9cc9-28ebcf33984f;2023-11-22 10:48:13.1626
anonymous;45;1.4310;0.0601;0.0105;270.6374;234.1226;39.8773;06690c55-c667-4880-9cc9-28ebcf33984f;2023-11-22 10:48:13.1856
anonymous;47;1.4310;0.0601;0.0102;270.6302;230.7060;43.3660;06690c55-c667-4880-9cc9-28ebcf33984f;2023-11-22 10:48:13.2075
anonymous;49;1.4307;0.0598;0.0099;270.6312;227.9253;46.2239;06690c55-c667-4880-9cc9-28ebcf33984f;2023-11-22 10:48:13.2304
anonymous;51;1.4306;0.0596;0.0097;270.6218;225.9848;48.2807;06690c55-c667-4880-9cc9-28ebcf33984f;2023-11-22 10:48:13.2524
anonymous;53;1.4307;0.0594;0.0094;270.6142;222.0591;52.2648;06690c55-c667-4880-9cc9-28ebcf33984f;2023-11-22 10:48:13.2773
anonymous;56;1.4303;0.0593;0.0091;270.6346;219.8282;54.5140;06690c55-c667-4880-9cc9-28ebcf33984f;2023-11-22 10:48:13.3082
anonymous;58;1.4298;0.0593;0.0091;270.6471;218.4543;55.8258;06690c55-c667-4880-9cc9-28ebcf33984f;2023-11-22 10:48:13.3322
anonymous;60;1.4295;0.0594;0.0091;270.6656;217.9382;56.1915;06690c55-c667-4880-9cc9-28ebcf33984f;2023-11-22 10:48:13.3551
anonymous;62;1.4291;0.0593;0.0088;270.6927;216.0405;57.9286;06690c55-c667-4880-9cc9-28ebcf33984f;2023-11-22 10:48:13.3781
anonymous;64;1.4291;0.0595;0.0088;270.6969;214.2258;59.5980;06690c55-c667-4880-9cc9-28ebcf33984f;2023-11-22 10:48:13.4010
anonymous;66;1.4289;0.0595;0.0083;270.7100;212.8444;60.9302;06690c55-c667-4880-9cc9-28ebcf33984f;2023-11-22 10:48:13.4239
anonymous;68;1.4287;0.0596;0.0080;270.7127;212.8148;61.0119;06690c55-c667-4880-9cc9-28ebcf33984f;2023-11-22 10:48:13.4469
anonymous;70;1.4286;0.0597;0.0078;270.6949;213.1088;60.7978;06690c55-c667-4880-9cc9-28ebcf33984f;2023-11-22 10:48:13.4688
anonymous;72;1.4284;0.0597;0.0075;270.6927;213.6242;60.3697;06690c55-c667-4880-9cc9-28ebcf33984f;2023-11-22 10:48:13.4917
anonymous;74;1.4283;0.0596;0.0073;270.6767;214.2508;59.7723;06690c55-c667-4880-9cc9-28ebcf33984f;2023-11-22 10:48:13.5137
anonymous;76;1.4279;0.0595;0.0071;270.6870;215.2346;58.7725;06690c55-c667-4880-9cc9-28ebcf33984f;2023-11-22 10:48:13.5366
anonymous;78;1.4279;0.0595;0.0071;270.6674;215.1698;58.7506;06690c55-c667-4880-9cc9-28ebcf33984f;2023-11-22 10:48:13.5586
anonymous;80;1.4278;0.0594;0.0071;270.6528;215.9407;57.8866;06690c55-c667-4880-9cc9-28ebcf33984f;2023-11-22 10:48:13.5815
anonymous;82;1.4279;0.0593;0.0072;270.6471;216.7168;57.0188;06690c55-c667-4880-9cc9-28ebcf33984f;2023-11-22 10:48:13.6035
anonymous;84;1.4281;0.0593;0.0071;270.6274;216.8791;56.8040;06690c55-c667-4880-9cc9-28ebcf33984f;2023-11-22 10:48:13.6254
anonymous;86;1.4280;0.0592;0.0070;270.6133;218.8840;54.8028;06690c55-c667-4880-9cc9-28ebcf33984f;2023-11-22 10:48:13.6483
anonymous;88;1.4279;0.0591;0.0068;270.6078;221.1457;52.5673;06690c55-c667-4880-9cc9-28ebcf33984f;2023-11-22 10:48:13.6703
anonymous;90;1.4279;0.0590;0.0064;270.6100;222.4115;51.3645;06690c55-c667-4880-9cc9-28ebcf33984f;2023-11-22 10:48:13.6932
anonymous;92;1.4276;0.0590;0.0061;270.6113;226.0714;47.7758;06690c55-c667-4880-9cc9-28ebcf33984f;2023-11-22 10:48:13.7152
anonymous;94;1.4272;0.0590;0.0059;270.6237;229.4072;44.4267;06690c55-c667-4880-9cc9-28ebcf33984f;2023-11-22 10:48:13.7371
anonymous;96;1.4270;0.0591;0.0059;270.6343;232.6936;41.0482;06690c55-c667-4880-9cc9-28ebcf33984f;2023-11-22 10:48:13.7600
anonymous;98;1.4265;0.0592;0.0059;270.6676;235.5180;38.0653;06690c55-c667-4880-9cc9-28ebcf33984f;2023-11-22 10:48:13.7820
anonymous;100;1.4262;0.0593;0.0062;270.6821;239.0797;34.3701;06690c55-c667-4880-9cc9-28ebcf33984f;2023-11-22 10:48:13.8049
anonymous;102;1.4261;0.0592;0.0065;270.6801;242.4870;30.9049;06690c55-c667-4880-9cc9-28ebcf33984f;2023-11-22 10:48:13.8269
anonymous;104;1.4261;0.0593;0.0064;270.6784;245.5629;27.8148;06690c55-c667-4880-9cc9-28ebcf33984f;2023-11-22 10:48:13.8488
anonymous;106;1.4263;0.0592;0.0065;270.6772;247.6493;25.7266;06690c55-c667-4880-9cc9-28ebcf33984f;2023-11-22 10:48:13.8717
anonymous;108;1.4265;0.0590;0.0063;270.6679;249.0148;24.4119;06690c55-c667-4880-9cc9-28ebcf33984f;2023-11-22 10:48:13.8937
anonymous;110;1.4266;0.0589;0.0061;270.6609;252.0486;21.4818;06690c55-c667-4880-9cc9-28ebcf33984f;2023-11-22 10:48:13.9156
anonymous;112;1.4264;0.0586;0.0059;270.6841;253.8301;19.7462;06690c55-c667-4880-9cc9-28ebcf33984f;2023-11-22 10:48:13.9386
anonymous;114;1.4266;0.0583;0.0055;270.6859;254.1382;19.4636;06690c55-c667-4880-9cc9-28ebcf33984f;2023-11-22 10:48:13.9605
anonymous;116;1.4263;0.0580;0.0051;270.7149;255.0955;18.5161;06690c55-c667-4880-9cc9-28ebcf33984f;2023-11-22 10:48:13.9834
anonymous;118;1.4261;0.0578;0.0049;270.7343;255.0634;18.4953;06690c55-c667-4880-9cc9-28ebcf33984f;2023-11-22 10:48:14.0054
anonymous;120;1.4257;0.0575;0.0042;270.7813;252.9703;20.4769;06690c55-c667-4880-9cc9-28ebcf33984f;2023-11-22 10:48:14.0283
anonymous;122;1.4252;0.0573;0.0037;270.8242;252.3810;20.9955;06690c55-c667-4880-9cc9-28ebcf33984f;2023-11-22 10:48:14.0503
anonymous;124;1.4247;0.0571;0.0035;270.8675;253.1912;20.1074;06690c55-c667-4880-9cc9-28ebcf33984f;2023-11-22 10:48:14.0722
anonymous;126;1.4241;0.0569;0.0036;270.9035;255.0057;18.1974;06690c55-c667-4880-9cc9-28ebcf33984f;2023-11-22 10:48:14.0951
anonymous;128;1.4240;0.0568;0.0037;270.9121;255.1922;17.8614;06690c55-c667-4880-9cc9-28ebcf33984f;2023-11-22 10:48:14.1171
anonymous;130;1.4240;0.0568;0.0037;270.9177;255.0921;17.7948;06690c55-c667-4880-9cc9-28ebcf33984f;2023-11-22 10:48:14.1400
anonymous;132;1.4240;0.0568;0.0038;270.9190;255.7322;17.0843;06690c55-c667-4880-9cc9-28ebcf33984f;2023-11-22 10:48:14.1620
anonymous;134;1.4240;0.0567;0.0037;270.9113;256.1736;16.6669;06690c55-c667-4880-9cc9-28ebcf33984f;2023-11-22 10:48:14.1839
anonymous;136;1.4242;0.0568;0.0037;270.8913;258.3618;14.6197;06690c55-c667-4880-9cc9-28ebcf33984f;2023-11-22 10:48:14.2068
anonymous;138;1.4243;0.0568;0.0037;270.8765;259.5544;13.5695;06690c55-c667-4880-9cc9-28ebcf33984f;2023-11-22 10:48:14.2288
anonymous;140;1.4245;0.0569;0.0038;270.8493;261.7554;11.5177;06690c55-c667-4880-9cc9-28ebcf33984f;2023-11-22 10:48:14.2507
anonymous;142;1.4249;0.0571;0.0038;270.8176;263.6317;9.7710;06690c55-c667-4880-9cc9-28ebcf33984f;2023-11-22 10:48:14.2737
anonymous;144;1.4253;0.0573;0.0039;270.7798;265.4999;7.9728;06690c55-c667-4880-9cc9-28ebcf33984f;2023-11-22 10:48:14.2956
anonymous;146;1.4256;0.0575;0.0042;270.7543;267.7016;5.8254;06690c55-c667-4880-9cc9-28ebcf33984f;2023-11-22 10:48:14.3185
anonymous;148;1.4257;0.0577;0.0048;270.7279;270.4133;3.1418;06690c55-c667-4880-9cc9-28ebcf33984f;2023-11-22 10:48:14.3405
anonymous;150;1.4258;0.0578;0.0049;270.7125;270.4127;3.1452;06690c55-c667-4880-9cc9-28ebcf33984f;2023-11-22 10:48:14.3634
anonymous;152;1.4260;0.0579;0.0053;270.6841;270.8781;2.6882;06690c55-c667-4880-9cc9-28ebcf33984f;2023-11-22 10:48:14.3854
anonymous;154;1.4260;0.0581;0.0058;270.6752;273.7182;359.9371;06690c55-c667-4880-9cc9-28ebcf33984f;2023-11-22 10:48:14.4073
anonymous;156;1.4260;0.0583;0.0058;270.6537;273.7594;-0.0019;06690c55-c667-4880-9cc9-28ebcf33984f;2023-11-22 10:48:14.4302
anonymous;158;1.4259;0.0585;0.0058;270.6441;273.0614;0.8147;06690c55-c667-4880-9cc9-28ebcf33984f;2023-11-22 10:48:14.4522
anonymous;160;1.4260;0.0589;0.0061;270.6271;273.7570;0.2293;06690c55-c667-4880-9cc9-28ebcf33984f;2023-11-22 10:48:14.4751
anonymous;162;1.4258;0.0591;0.0062;270.6262;272.5688;1.5408;06690c55-c667-4880-9cc9-28ebcf33984f;2023-11-22 10:48:14.4971
anonymous;164;1.4257;0.0594;0.0063;270.6165;270.8796;3.2813;06690c55-c667-4880-9cc9-28ebcf33984f;2023-11-22 10:48:14.5200
anonymous;166;1.4254;0.0598;0.0064;270.6231;266.2057;7.8677;06690c55-c667-4880-9cc9-28ebcf33984f;2023-11-22 10:48:14.5419
anonymous;168;1.4252;0.0602;0.0062;270.6231;259.9498;14.0166;06690c55-c667-4880-9cc9-28ebcf33984f;2023-11-22 10:48:14.5639
anonymous;170;1.4249;0.0604;0.0061;270.6447;254.2332;19.6404;06690c55-c667-4880-9cc9-28ebcf33984f;2023-11-22 10:48:14.5868
anonymous;172;1.4248;0.0609;0.0059;270.6549;250.2334;23.6375;06690c55-c667-4880-9cc9-28ebcf33984f;2023-11-22 10:48:14.6088
anonymous;174;1.4245;0.0611;0.0052;270.6893;244.0452;29.8856;06690c55-c667-4880-9cc9-28ebcf33984f;2023-11-22 10:48:14.6307
anonymous;176;1.4243;0.0612;0.0046;270.7258;238.9706;35.0805;06690c55-c667-4880-9cc9-28ebcf33984f;2023-11-22 10:48:14.6536
anonymous;178;1.4244;0.0613;0.0040;270.7509;234.0289;40.1479;06690c55-c667-4880-9cc9-28ebcf33984f;2023-11-22 10:48:14.6756
anonymous;180;1.4240;0.0614;0.0033;270.8011;230.2543;44.0796;06690c55-c667-4880-9cc9-28ebcf33984f;2023-11-22 10:48:14.6975
anonymous;182;1.4239;0.0614;0.0028;270.8416;227.0896;47.4330;06690c55-c667-4880-9cc9-28ebcf33984f;2023-11-22 10:48:14.7205
anonymous;184;1.4238;0.0613;0.0022;270.8809;223.8409;50.9029;06690c55-c667-4880-9cc9-28ebcf33984f;2023-11-22 10:48:14.7424
anonymous;186;1.4236;0.0612;0.0016;270.9147;221.7504;53.2554;06690c55-c667-4880-9cc9-28ebcf33984f;2023-11-22 10:48:14.7653
anonymous;188;1.4236;0.0610;0.0009;270.9510;218.7134;56.5460;06690c55-c667-4880-9cc9-28ebcf33984f;2023-11-22 10:48:14.7873
anonymous;190;1.4234;0.0609;0.0002;270.9982;216.4180;59.0385;06690c55-c667-4880-9cc9-28ebcf33984f;2023-11-22 10:48:14.8102
anonymous;192;1.4229;0.0609;-0.0001;271.0438;216.1130;59.5014;06690c55-c667-4880-9cc9-28ebcf33984f;2023-11-22 10:48:14.8322
anonymous;194;1.4224;0.0608;-0.0005;271.1025;215.6210;60.0696;06690c55-c667-4880-9cc9-28ebcf33984f;2023-11-22 10:48:14.8541
anonymous;196;1.4222;0.0607;-0.0012;271.1623;213.6864;62.0064;06690c55-c667-4880-9cc9-28ebcf33984f;2023-11-22 10:48:14.8770
anonymous;198;1.4224;0.0608;-0.0016;271.1860;211.6295;64.1025;06690c55-c667-4880-9cc9-28ebcf33984f;2023-11-22 10:48:14.8990
anonymous;200;1.4223;0.0608;-0.0019;271.2147;211.3886;64.4385;06690c55-c667-4880-9cc9-28ebcf33984f;2023-11-22 10:48:14.9219
anonymous;202;1.4224;0.0610;-0.0022;271.2111;210.8160;65.1671;06690c55-c667-4880-9cc9-28ebcf33984f;2023-11-22 10:48:14.9439
anonymous;204;1.4225;0.0610;-0.0024;271.2156;210.0847;66.0462;06690c55-c667-4880-9cc9-28ebcf33984f;2023-11-22 10:48:14.9658
anonymous;206;1.4225;0.0612;-0.0028;271.2172;209.7196;66.5454;06690c55-c667-4880-9cc9-28ebcf33984f;2023-11-22 10:48:14.9887
anonymous;208;1.4227;0.0615;-0.0031;271.1929;209.2539;67.2075;06690c55-c667-4880-9cc9-28ebcf33984f;2023-11-22 10:48:15.0107
anonymous;210;1.4229;0.0616;-0.0035;271.1664;209.8746;66.9016;06690c55-c667-4880-9cc9-28ebcf33984f;2023-11-22 10:48:15.0326
anonymous;212;1.4230;0.0618;-0.0038;271.1053;211.2347;65.9566;06690c55-c667-4880-9cc9-28ebcf33984f;2023-11-22 10:48:15.0556
anonymous;214;1.4232;0.0618;-0.0042;271.0427;212.5266;65.0842;06690c55-c667-4880-9cc9-28ebcf33984f;2023-11-22 10:48:15.0775
anonymous;216;1.4233;0.0617;-0.0048;271.0007;213.6422;64.3829;06690c55-c667-4880-9cc9-28ebcf33984f;2023-11-22 10:48:15.1004
anonymous;218;1.4233;0.0616;-0.0053;270.9317;216.3785;62.1682;06690c55-c667-4880-9cc9-28ebcf33984f;2023-11-22 10:48:15.1224
anonymous;220;1.4234;0.0614;-0.0061;270.8636;219.4627;59.7137;06690c55-c667-4880-9cc9-28ebcf33984f;2023-11-22 10:48:15.1453
anonymous;222;1.4234;0.0612;-0.0069;270.8048;223.2636;56.5701;06690c55-c667-4880-9cc9-28ebcf33984f;2023-11-22 10:48:15.1673
anonymous;224;1.4235;0.0608;-0.0080;270.7449;226.6578;53.8648;06690c55-c667-4880-9cc9-28ebcf33984f;2023-11-22 10:48:15.1892
anonymous;226;1.4237;0.0605;-0.0090;270.6656;232.0043;49.3588;06690c55-c667-4880-9cc9-28ebcf33984f;2023-11-22 10:48:15.2121
anonymous;228;1.4236;0.0601;-0.0101;270.6113;238.0864;44.0580;06690c55-c667-4880-9cc9-28ebcf33984f;2023-11-22 10:48:15.2341
anonymous;230;1.4238;0.0596;-0.0108;270.5399;247.9237;34.9473;06690c55-c667-4880-9cc9-28ebcf33984f;2023-11-22 10:48:15.2570
anonymous;232;1.4240;0.0592;-0.0113;270.5028;259.8365;23.7062;06690c55-c667-4880-9cc9-28ebcf33984f;2023-11-22 10:48:15.2790
anonymous;234;1.4242;0.0589;-0.0116;270.4781;272.4017;11.7254;06690c55-c667-4880-9cc9-28ebcf33984f;2023-11-22 10:48:15.3009
anonymous;236;1.4242;0.0585;-0.0119;270.4918;283.2924;1.2826;06690c55-c667-4880-9cc9-28ebcf33984f;2023-11-22 10:48:15.3239
anonymous;238;1.4244;0.0584;-0.0120;270.5226;294.5580;350.3254;06690c55-c667-4880-9cc9-28ebcf33984f;2023-11-22 10:48:15.3458
anonymous;240;1.4245;0.0584;-0.0120;270.5651;301.7961;343.3332;06690c55-c667-4880-9cc9-28ebcf33984f;2023-11-22 10:48:15.3677
anonymous;242;1.4247;0.0586;-0.0117;270.6180;308.2439;337.0540;06690c55-c667-4880-9cc9-28ebcf33984f;2023-11-22 10:48:15.3907
anonymous;244;1.4247;0.0588;-0.0116;270.6910;313.7639;331.7922;06690c55-c667-4880-9cc9-28ebcf33984f;2023-11-22 10:48:15.4126
anonymous;246;1.4249;0.0591;-0.0116;270.7690;318.8141;327.1206;06690c55-c667-4880-9cc9-28ebcf33984f;2023-11-22 10:48:15.4356
anonymous;248;1.4250;0.0596;-0.0118;270.8509;322.8781;323.5330;06690c55-c667-4880-9cc9-28ebcf33984f;2023-11-22 10:48:15.4575
anonymous;250;1.4250;0.0598;-0.0118;270.9321;325.7507;321.0978;06690c55-c667-4880-9cc9-28ebcf33984f;2023-11-22 10:48:15.4804
anonymous;252;1.4249;0.0601;-0.0119;271.0095;327.4801;319.7932;06690c55-c667-4880-9cc9-28ebcf33984f;2023-11-22 10:48:15.5024
anonymous;254;1.4249;0.0604;-0.0121;271.0904;329.2414;318.5278;06690c55-c667-4880-9cc9-28ebcf33984f;2023-11-22 10:48:15.5243
anonymous;256;1.4248;0.0608;-0.0125;271.1730;331.5314;316.8538;06690c55-c667-4880-9cc9-28ebcf33984f;2023-11-22 10:48:15.5473
anonymous;258;1.4246;0.0608;-0.0130;271.2518;332.6648;316.4547;06690c55-c667-4880-9cc9-28ebcf33984f;2023-11-22 10:48:15.5692
anonymous;260;1.4245;0.0609;-0.0134;271.3370;334.1198;315.8139;06690c55-c667-4880-9cc9-28ebcf33984f;2023-11-22 10:48:15.5921
anonymous;262;1.4244;0.0608;-0.0134;271.4200;335.3416;315.1790;06690c55-c667-4880-9cc9-28ebcf33984f;2023-11-22 10:48:15.6141
anonymous;264;1.4245;0.0607;-0.0133;271.4650;335.3335;315.4169;06690c55-c667-4880-9cc9-28ebcf33984f;2023-11-22 10:48:15.6360
anonymous;266;1.4248;0.0605;-0.0130;271.4749;335.7294;315.0343;06690c55-c667-4880-9cc9-28ebcf33984f;2023-11-22 10:48:15.6590
anonymous;268;1.4251;0.0602;-0.0123;271.4901;334.1913;316.2588;06690c55-c667-4880-9cc9-28ebcf33984f;2023-11-22 10:48:15.6809
anonymous;270;1.4254;0.0599;-0.0116;271.4910;332.4951;317.5688;06690c55-c667-4880-9cc9-28ebcf33984f;2023-11-22 10:48:15.7038
anonymous;272;1.4257;0.0598;-0.0099;271.5197;331.5069;318.0004;06690c55-c667-4880-9cc9-28ebcf33984f;2023-11-22 10:48:15.7258
anonymous;274;1.4260;0.0594;-0.0089;271.5029;328.8963;319.7957;06690c55-c667-4880-9cc9-28ebcf33984f;2023-11-22 10:48:15.7477
anonymous;276;1.4264;0.0586;-0.0088;271.4234;324.5085;323.4615;06690c55-c667-4880-9cc9-28ebcf33984f;2023-11-22 10:48:15.7707
anonymous;278;1.4267;0.0578;-0.0086;271.4224;322.4117;325.3476;06690c55-c667-4880-9cc9-28ebcf33984f;2023-11-22 10:48:15.7926
anonymous;280;1.4266;0.0569;-0.0085;271.4591;321.3600;326.7034;06690c55-c667-4880-9cc9-28ebcf33984f;2023-11-22 10:48:15.8145
anonymous;282;1.4264;0.0561;-0.0087;271.5113;320.6913;327.8748;06690c55-c667-4880-9cc9-28ebcf33984f;2023-11-22 10:48:15.8375
anonymous;284;1.4260;0.0555;-0.0088;271.5662;319.1249;329.8275;06690c55-c667-4880-9cc9-28ebcf33984f;2023-11-22 10:48:15.8594
anonymous;286;1.4258;0.0547;-0.0094;271.5722;316.9572;332.3364;06690c55-c667-4880-9cc9-28ebcf33984f;2023-11-22 10:48:15.8824
anonymous;288;1.4257;0.0538;-0.0101;271.5687;314.4316;335.1068;06690c55-c667-4880-9cc9-28ebcf33984f;2023-11-22 10:48:15.9043
anonymous;290;1.4257;0.0528;-0.0111;271.5377;310.5757;339.0580;06690c55-c667-4880-9cc9-28ebcf33984f;2023-11-22 10:48:15.9272
anonymous;292;1.4256;0.0519;-0.0120;271.5032;305.9034;343.6820;06690c55-c667-4880-9cc9-28ebcf33984f;2023-11-22 10:48:15.9492
anonymous;294;1.4259;0.0511;-0.0130;271.4893;301.2390;348.3425;06690c55-c667-4880-9cc9-28ebcf33984f;2023-11-22 10:48:15.9711
anonymous;296;1.4256;0.0503;-0.0139;271.4836;295.5463;353.9208;06690c55-c667-4880-9cc9-28ebcf33984f;2023-11-22 10:48:15.9941
anonymous;298;1.4255;0.0497;-0.0143;271.5078;290.9633;358.3544;06690c55-c667-4880-9cc9-28ebcf33984f;2023-11-22 10:48:16.0160
anonymous;300;1.4254;0.0494;-0.0147;271.5408;286.2362;2.8686;06690c55-c667-4880-9cc9-28ebcf33984f;2023-11-22 10:48:16.0379
anonymous;302;1.4251;0.0492;-0.0150;271.5841;281.5827;7.3262;06690c55-c667-4880-9cc9-28ebcf33984f;2023-11-22 10:48:16.0609
anonymous;304;1.4250;0.0492;-0.0153;271.6297;278.1271;10.6511;06690c55-c667-4880-9cc9-28ebcf33984f;2023-11-22 10:48:16.0828
anonymous;306;1.4251;0.0492;-0.0153;271.6592;275.8236;12.9837;06690c55-c667-4880-9cc9-28ebcf33984f;2023-11-22 10:48:16.1058
anonymous;308;1.4248;0.0496;-0.0153;271.7078;275.5370;13.6870;06690c55-c667-4880-9cc9-28ebcf33984f;2023-11-22 10:48:16.1277
anonymous;310;1.4243;0.0501;-0.0153;271.7534;276.1578;13.6906;06690c55-c667-4880-9cc9-28ebcf33984f;2023-11-22 10:48:16.1506
anonymous;312;1.4237;0.0507;-0.0149;271.8019;277.2136;13.1561;06690c55-c667-4880-9cc9-28ebcf33984f;2023-11-22 10:48:16.1726
anonymous;314;1.4232;0.0512;-0.0146;271.8484;277.4131;13.3222;06690c55-c667-4880-9cc9-28ebcf33984f;2023-11-22 10:48:16.1945
anonymous;316;1.4228;0.0515;-0.0144;271.8520;276.7765;14.2317;06690c55-c667-4880-9cc9-28ebcf33984f;2023-11-22 10:48:16.2175
anonymous;318;1.4228;0.0518;-0.0143;271.8725;277.7697;13.5138;06690c55-c667-4880-9cc9-28ebcf33984f;2023-11-22 10:48:16.2394
anonymous;320;1.4230;0.0518;-0.0143;271.7800;276.0863;15.2584;06690c55-c667-4880-9cc9-28ebcf33984f;2023-11-22 10:48:16.2623
anonymous;322;1.4232;0.0517;-0.0146;271.7842;275.2014;16.0526;06690c55-c667-4880-9cc9-28ebcf33984f;2023-11-22 10:48:16.2843
anonymous;324;1.4236;0.0514;-0.0146;271.7324;274.0119;17.1712;06690c55-c667-4880-9cc9-28ebcf33984f;2023-11-22 10:48:16.3072
anonymous;326;1.4237;0.0510;-0.0147;271.6838;272.8591;18.2781;06690c55-c667-4880-9cc9-28ebcf33984f;2023-11-22 10:48:16.3292
anonymous;328;1.4234;0.0507;-0.0146;271.6450;272.3054;18.8932;06690c55-c667-4880-9cc9-28ebcf33984f;2023-11-22 10:48:16.3511
anonymous;330;1.4232;0.0506;-0.0143;271.6069;273.7838;17.7248;06690c55-c667-4880-9cc9-28ebcf33984f;2023-11-22 10:48:16.3740
anonymous;332;1.4229;0.0506;-0.0142;271.5595;275.8717;16.0984;06690c55-c667-4880-9cc9-28ebcf33984f;2023-11-22 10:48:16.3960
anonymous;334;1.4232;0.0506;-0.0140;271.4650;278.5318;13.8824;06690c55-c667-4880-9cc9-28ebcf33984f;2023-11-22 10:48:16.4179
anonymous;336;1.4236;0.0506;-0.0140;271.3717;280.7199;11.9798;06690c55-c667-4880-9cc9-28ebcf33984f;2023-11-22 10:48:16.4409
anonymous;338;1.4241;0.0507;-0.0139;271.2812;281.4843;11.2294;06690c55-c667-4880-9cc9-28ebcf33984f;2023-11-22 10:48:16.4628
anonymous;340;1.4247;0.0508;-0.0139;271.1707;282.4842;10.1582;06690c55-c667-4880-9cc9-28ebcf33984f;2023-11-22 10:48:16.4847
anonymous;342;1.4256;0.0510;-0.0135;271.0561;284.7994;7.7764;06690c55-c667-4880-9cc9-28ebcf33984f;2023-11-22 10:48:16.5077
anonymous;344;1.4260;0.0511;-0.0133;270.9716;287.6559;4.9543;06690c55-c667-4880-9cc9-28ebcf33984f;2023-11-22 10:48:16.5296
anonymous;346;1.4264;0.0512;-0.0135;270.8636;290.7977;1.9566;06690c55-c667-4880-9cc9-28ebcf33984f;2023-11-22 10:48:16.5526
anonymous;348;1.4264;0.0513;-0.0140;270.7898;294.7580;358.3240;06690c55-c667-4880-9cc9-28ebcf33984f;2023-11-22 10:48:16.5745
anonymous;350;1.4266;0.0517;-0.0140;270.7460;306.2383;347.5880;06690c55-c667-4880-9cc9-28ebcf33984f;2023-11-22 10:48:16.5974
anonymous;352;1.4265;0.0521;-0.0143;270.7457;319.4398;335.2702;06690c55-c667-4880-9cc9-28ebcf33984f;2023-11-22 10:48:16.6194
anonymous;354;1.4263;0.0524;-0.0153;270.7491;329.6986;325.9827;06690c55-c667-4880-9cc9-28ebcf33984f;2023-11-22 10:48:16.6423
anonymous;356;1.4255;0.0527;-0.0166;270.7849;338.2085;318.6144;06690c55-c667-4880-9cc9-28ebcf33984f;2023-11-22 10:48:16.6643
anonymous;358;1.4248;0.0531;-0.0180;270.8659;347.5272;310.7399;06690c55-c667-4880-9cc9-28ebcf33984f;2023-11-22 10:48:16.6862
anonymous;360;1.4242;0.0533;-0.0194;270.9580;355.1841;304.5625;06690c55-c667-4880-9cc9-28ebcf33984f;2023-11-22 10:48:16.7091
anonymous;362;1.4236;0.0535;-0.0208;271.0264;1.3092;299.6810;06690c55-c667-4880-9cc9-28ebcf33984f;2023-11-22 10:48:16.7311
anonymous;364;1.4231;0.0537;-0.0217;271.1018;5.8190;296.1502;06690c55-c667-4880-9cc9-28ebcf33984f;2023-11-22 10:48:16.7540
anonymous;366;1.4226;0.0539;-0.0225;271.1642;8.6156;294.0016;06690c55-c667-4880-9cc9-28ebcf33984f;2023-11-22 10:48:16.7760
anonymous;368;1.4222;0.0541;-0.0232;271.1856;10.6931;292.4564;06690c55-c667-4880-9cc9-28ebcf33984f;2023-11-22 10:48:16.7979
anonymous;370;1.4220;0.0543;-0.0238;271.1919;12.2771;291.1092;06690c55-c667-4880-9cc9-28ebcf33984f;2023-11-22 10:48:16.8208
anonymous;372;1.4218;0.0546;-0.0243;271.1707;13.1976;290.1545;06690c55-c667-4880-9cc9-28ebcf33984f;2023-11-22 10:48:16.8428
anonymous;374;1.4215;0.0547;-0.0249;271.1219;13.5616;289.7444;06690c55-c667-4880-9cc9-28ebcf33984f;2023-11-22 10:48:16.8647
anonymous;376;1.4212;0.0547;-0.0252;271.1064;12.9989;290.3187;06690c55-c667-4880-9cc9-28ebcf33984f;2023-11-22 10:48:16.8877
anonymous;378;1.4209;0.0550;-0.0257;271.0979;13.1864;290.3283;06690c55-c667-4880-9cc9-28ebcf33984f;2023-11-22 10:48:16.9096
anonymous;380;1.4205;0.0551;-0.0262;271.1007;13.2549;290.6010;06690c55-c667-4880-9cc9-28ebcf33984f;2023-11-22 10:48:16.9316
anonymous;382;1.4198;0.0553;-0.0269;271.1240;12.6125;291.8551;06690c55-c667-4880-9cc9-28ebcf33984f;2023-11-22 10:48:16.9545
anonymous;384;1.4192;0.0557;-0.0279;271.1559;12.4425;292.7757;06690c55-c667-4880-9cc9-28ebcf33984f;2023-11-22 10:48:16.9764
anonymous;386;1.4182;0.0557;-0.0285;271.2003;11.4611;294.6283;06690c55-c667-4880-9cc9-28ebcf33984f;2023-11-22 10:48:16.9994
anonymous;388;1.4173;0.0559;-0.0294;271.2332;10.6616;296.3141;06690c55-c667-4880-9cc9-28ebcf33984f;2023-11-22 10:48:17.0213
anonymous;390;1.4164;0.0561;-0.0304;271.2707;10.3274;297.6019;06690c55-c667-4880-9cc9-28ebcf33984f;2023-11-22 10:48:17.0433
anonymous;392;1.4156;0.0561;-0.0313;271.3097;9.8739;299.0755;06690c55-c667-4880-9cc9-28ebcf33984f;2023-11-22 10:48:17.0662
anonymous;394;1.4146;0.0562;-0.0322;271.3509;9.0003;300.9998;06690c55-c667-4880-9cc9-28ebcf33984f;2023-11-22 10:48:17.0881
anonymous;396;1.4138;0.0562;-0.0333;271.3634;8.7165;302.2488;06690c55-c667-4880-9cc9-28ebcf33984f;2023-11-22 10:48:17.1111
anonymous;398;1.4129;0.0563;-0.0348;271.3490;8.2173;303.6472;06690c55-c667-4880-9cc9-28ebcf33984f;2023-11-22 10:48:17.1330
anonymous;400;1.4120;0.0562;-0.0359;271.3529;7.9309;304.8303;06690c55-c667-4880-9cc9-28ebcf33984f;2023-11-22 10:48:17.1560
anonymous;402;1.4112;0.0561;-0.0371;271.3509;7.8208;305.8758;06690c55-c667-4880-9cc9-28ebcf33984f;2023-11-22 10:48:17.1779
anonymous;404;1.4105;0.0559;-0.0384;271.3470;7.8951;306.7281;06690c55-c667-4880-9cc9-28ebcf33984f;2023-11-22 10:48:17.1998
anonymous;406;1.4096;0.0557;-0.0393;271.3591;7.5787;308.0327;06690c55-c667-4880-9cc9-28ebcf33984f;2023-11-22 10:48:17.2228
anonymous;408;1.4087;0.0556;-0.0405;271.3603;7.7741;308.8631;06690c55-c667-4880-9cc9-28ebcf33984f;2023-11-22 10:48:17.2447
anonymous;410;1.4080;0.0554;-0.0415;271.3642;8.4986;309.1778;06690c55-c667-4880-9cc9-28ebcf33984f;2023-11-22 10:48:17.2667
anonymous;412;1.4069;0.0551;-0.0426;271.3572;7.8363;310.9183;06690c55-c667-4880-9cc9-28ebcf33984f;2023-11-22 10:48:17.2896
anonymous;414;1.4060;0.0550;-0.0436;271.3676;8.4163;311.4146;06690c55-c667-4880-9cc9-28ebcf33984f;2023-11-22 10:48:17.3115
anonymous;416;1.4051;0.0549;-0.0446;271.3661;9.0927;311.7534;06690c55-c667-4880-9cc9-28ebcf33984f;2023-11-22 10:48:17.3345
anonymous;418;1.4043;0.0547;-0.0456;271.3510;9.2177;312.5559;06690c55-c667-4880-9cc9-28ebcf33984f;2023-11-22 10:48:17.3564
anonymous;420;1.4032;0.0548;-0.0468;271.3362;9.4325;313.2945;06690c55-c667-4880-9cc9-28ebcf33984f;2023-11-22 10:48:17.3794
anonymous;422;1.4023;0.0545;-0.0477;271.3186;10.0468;313.5666;06690c55-c667-4880-9cc9-28ebcf33984f;2023-11-22 10:48:17.4013
anonymous;424;1.4016;0.0543;-0.0482;271.3174;10.4603;313.9133;06690c55-c667-4880-9cc9-28ebcf33984f;2023-11-22 10:48:17.4232
anonymous;426;1.4012;0.0545;-0.0490;271.2921;10.7656;314.1902;06690c55-c667-4880-9cc9-28ebcf33984f;2023-11-22 10:48:17.4462
anonymous;428;1.4010;0.0542;-0.0491;271.2597;10.5928;314.5546;06690c55-c667-4880-9cc9-28ebcf33984f;2023-11-22 10:48:17.4681
anonymous;430;1.4011;0.0542;-0.0493;271.2248;10.2892;314.9185;06690c55-c667-4880-9cc9-28ebcf33984f;2023-11-22 10:48:17.4911
anonymous;432;1.4013;0.0544;-0.0495;271.1807;10.9056;314.2517;06690c55-c667-4880-9cc9-28ebcf33984f;2023-11-22 10:48:17.5130
anonymous;434;1.4013;0.0543;-0.0496;271.1557;10.9492;314.2766;06690c55-c667-4880-9cc9-28ebcf33984f;2023-11-22 10:48:17.5349
anonymous;436;1.4015;0.0546;-0.0498;271.1496;12.1267;313.3062;06690c55-c667-4880-9cc9-28ebcf33984f;2023-11-22 10:48:17.5579
anonymous;438;1.4013;0.0545;-0.0499;271.1501;13.1891;312.6063;06690c55-c667-4880-9cc9-28ebcf33984f;2023-11-22 10:48:17.5798
anonymous;440;1.4010;0.0545;-0.0501;271.1770;14.2882;311.9968;06690c55-c667-4880-9cc9-28ebcf33984f;2023-11-22 10:48:17.6028
anonymous;442;1.4007;0.0550;-0.0503;271.2216;15.7708;311.0934;06690c55-c667-4880-9cc9-28ebcf33984f;2023-11-22 10:48:17.6247
anonymous;444;1.4004;0.0550;-0.0504;271.2767;17.4433;310.0452;06690c55-c667-4880-9cc9-28ebcf33984f;2023-11-22 10:48:17.6476
anonymous;446;1.3998;0.0551;-0.0506;271.3394;18.7491;309.4314;06690c55-c667-4880-9cc9-28ebcf33984f;2023-11-22 10:48:17.6696
anonymous;448;1.3994;0.0555;-0.0505;271.4226;19.9769;308.9549;06690c55-c667-4880-9cc9-28ebcf33984f;2023-11-22 10:48:17.6915
anonymous;450;1.3988;0.0560;-0.0507;271.5001;21.3811;308.3105;06690c55-c667-4880-9cc9-28ebcf33984f;2023-11-22 10:48:17.7135
anonymous;452;1.3982;0.0564;-0.0511;271.5677;22.3890;307.9806;06690c55-c667-4880-9cc9-28ebcf33984f;2023-11-22 10:48:17.7364
anonymous;454;1.3974;0.0569;-0.0514;271.6469;22.8076;308.2929;06690c55-c667-4880-9cc9-28ebcf33984f;2023-11-22 10:48:17.7583
anonymous;456;1.3966;0.0573;-0.0517;271.7426;23.7191;308.1914;06690c55-c667-4880-9cc9-28ebcf33984f;2023-11-22 10:48:17.7813
anonymous;458;1.3959;0.0578;-0.0518;271.8522;24.6746;308.0359;06690c55-c667-4880-9cc9-28ebcf33984f;2023-11-22 10:48:17.8032
anonymous;460;1.3952;0.0582;-0.0525;271.9354;25.5156;307.9743;06690c55-c667-4880-9cc9-28ebcf33984f;2023-11-22 10:48:17.8252
anonymous;462;1.3945;0.0584;-0.0528;272.0340;25.9322;308.2943;06690c55-c667-4880-9cc9-28ebcf33984f;2023-11-22 10:48:17.8481
anonymous;464;1.3941;0.0588;-0.0528;272.1533;26.1718;308.6944;06690c55-c667-4880-9cc9-28ebcf33984f;2023-11-22 10:48:17.8700
anonymous;466;1.3936;0.0591;-0.0531;272.2236;26.0462;309.2476;06690c55-c667-4880-9cc9-28ebcf33984f;2023-11-22 10:48:17.8930
anonymous;468;1.3936;0.0591;-0.0531;272.2861;26.3742;309.0991;06690c55-c667-4880-9cc9-28ebcf33984f;2023-11-22 10:48:17.9149
anonymous;470;1.3936;0.0593;-0.0538;272.3315;26.7337;308.9151;06690c55-c667-4880-9cc9-28ebcf33984f;2023-11-22 10:48:17.9379
anonymous;472;1.3933;0.0593;-0.0540;272.4108;26.3900;309.5246;06690c55-c667-4880-9cc9-28ebcf33984f;2023-11-22 10:48:17.9598
anonymous;474;1.3927;0.0592;-0.0543;272.4795;26.1051;310.2173;06690c55-c667-4880-9cc9-28ebcf33984f;2023-11-22 10:48:17.9817
anonymous;476;1.3925;0.0594;-0.0547;272.5784;26.1057;310.6945;06690c55-c667-4880-9cc9-28ebcf33984f;2023-11-22 10:48:18.0047
anonymous;478;1.3917;0.0595;-0.0555;272.6496;25.8542;311.5303;06690c55-c667-4880-9cc9-28ebcf33984f;2023-11-22 10:48:18.0266
anonymous;480;1.3910;0.0597;-0.0561;272.7252;26.0342;312.0327;06690c55-c667-4880-9cc9-28ebcf33984f;2023-11-22 10:48:18.0486
anonymous;482;1.3903;0.0603;-0.0567;272.8275;25.9606;312.8221;06690c55-c667-4880-9cc9-28ebcf33984f;2023-11-22 10:48:18.0715
anonymous;484;1.3899;0.0609;-0.0575;272.9063;26.0174;313.4182;06690c55-c667-4880-9cc9-28ebcf33984f;2023-11-22 10:48:18.0934
anonymous;486;1.3897;0.0614;-0.0579;272.9580;25.9983;313.8238;06690c55-c667-4880-9cc9-28ebcf33984f;2023-11-22 10:48:18.1164
anonymous;488;1.3893;0.0622;-0.0584;273.0073;25.6117;314.4143;06690c55-c667-4880-9cc9-28ebcf33984f;2023-11-22 10:48:18.1383
anonymous;490;1.3888;0.0629;-0.0587;273.0084;24.0245;315.9291;06690c55-c667-4880-9cc9-28ebcf33984f;2023-11-22 10:48:18.1613
anonymous;492;1.3887;0.0636;-0.0587;273.0097;22.4268;317.1608;06690c55-c667-4880-9cc9-28ebcf33984f;2023-11-22 10:48:18.1832
anonymous;494;1.3888;0.0644;-0.0585;273.0116;21.1293;317.9951;06690c55-c667-4880-9cc9-28ebcf33984f;2023-11-22 10:48:18.2051
anonymous;496;1.3896;0.0651;-0.0579;273.0117;19.9630;318.4890;06690c55-c667-4880-9cc9-28ebcf33984f;2023-11-22 10:48:18.2281
anonymous;498;1.3900;0.0657;-0.0576;273.0108;18.2621;319.5559;06690c55-c667-4880-9cc9-28ebcf33984f;2023-11-22 10:48:18.2500
anonymous;500;1.3905;0.0661;-0.0579;272.9693;17.2095;320.0750;06690c55-c667-4880-9cc9-28ebcf33984f;2023-11-22 10:48:18.2730
anonymous;502;1.3911;0.0664;-0.0579;272.9351;16.2620;320.5487;06690c55-c667-4880-9cc9-28ebcf33984f;2023-11-22 10:48:18.2949
anonymous;504;1.3911;0.0662;-0.0579;272.9370;15.0955;321.3823;06690c55-c667-4880-9cc9-28ebcf33984f;2023-11-22 10:48:18.3168
anonymous;506;1.3911;0.0659;-0.0580;272.9199;14.1232;322.1101;06690c55-c667-4880-9cc9-28ebcf33984f;2023-11-22 10:48:18.3398
anonymous;508;1.3903;0.0655;-0.0581;272.9177;12.7850;323.5064;06690c55-c667-4880-9cc9-28ebcf33984f;2023-11-22 10:48:18.3617
anonymous;510;1.3890;0.0647;-0.0589;272.8743;11.7879;324.9442;06690c55-c667-4880-9cc9-28ebcf33984f;2023-11-22 10:48:18.3847
anonymous;512;1.3876;0.0643;-0.0599;272.8394;10.8079;326.4426;06690c55-c667-4880-9cc9-28ebcf33984f;2023-11-22 10:48:18.4066
anonymous;514;1.3863;0.0638;-0.0607;272.7997;9.3455;328.1897;06690c55-c667-4880-9cc9-28ebcf33984f;2023-11-22 10:48:18.4285
anonymous;516;1.3855;0.0637;-0.0615;272.7125;7.6524;329.7931;06690c55-c667-4880-9cc9-28ebcf33984f;2023-11-22 10:48:18.4515
anonymous;518;1.3849;0.0637;-0.0623;272.5890;5.8094;331.2770;06690c55-c667-4880-9cc9-28ebcf33984f;2023-11-22 10:48:18.4734
anonymous;520;1.3843;0.0638;-0.0630;272.4577;3.7530;333.0280;06690c55-c667-4880-9cc9-28ebcf33984f;2023-11-22 10:48:18.4964
anonymous;522;1.3841;0.0640;-0.0633;272.3777;2.8206;333.8535;06690c55-c667-4880-9cc9-28ebcf33984f;2023-11-22 10:48:18.5183
anonymous;524;1.3839;0.0641;-0.0636;272.3160;2.3749;334.4333;06690c55-c667-4880-9cc9-28ebcf33984f;2023-11-22 10:48:18.5403
anonymous;526;1.3840;0.0644;-0.0639;272.2728;2.6633;334.3444;06690c55-c667-4880-9cc9-28ebcf33984f;2023-11-22 10:48:18.5632
anonymous;528;1.3840;0.0649;-0.0641;272.2121;2.3400;334.7252;06690c55-c667-4880-9cc9-28ebcf33984f;2023-11-22 10:48:18.5851
anonymous;529;1.3840;0.0652;-0.0643;272.1654;2.0729;334.9850;06690c55-c667-4880-9cc9-28ebcf33984f;2023-11-22 10:48:18.6131
anonymous;533;1.3829;0.0661;-0.0655;271.9481;359.7537;337.2657;06690c55-c667-4880-9cc9-28ebcf33984f;2023-11-22 10:48:18.6360
anonymous;535;1.3822;0.0664;-0.0661;271.9064;359.5777;337.8556;06690c55-c667-4880-9cc9-28ebcf33984f;2023-11-22 10:48:18.6589
anonymous;537;1.3818;0.0666;-0.0668;271.8460;0.2336;337.7202;06690c55-c667-4880-9cc9-28ebcf33984f;2023-11-22 10:48:18.6899
anonymous;539;1.3818;0.0670;-0.0675;271.7845;1.9544;336.4690;06690c55-c667-4880-9cc9-28ebcf33984f;2023-11-22 10:48:18.7038
anonymous;541;1.3816;0.0672;-0.0682;271.7180;2.3038;336.3663;06690c55-c667-4880-9cc9-28ebcf33984f;2023-11-22 10:48:18.7258
anonymous;543;1.3815;0.0671;-0.0689;271.6333;3.0375;335.7828;06690c55-c667-4880-9cc9-28ebcf33984f;2023-11-22 10:48:18.7507
anonymous;546;1.3810;0.0672;-0.0698;271.5361;3.8543;335.3152;06690c55-c667-4880-9cc9-28ebcf33984f;2023-11-22 10:48:18.7816
anonymous;548;1.3807;0.0672;-0.0705;271.4803;4.9184;334.5163;06690c55-c667-4880-9cc9-28ebcf33984f;2023-11-22 10:48:18.8035
anonymous;550;1.3807;0.0674;-0.0710;271.4249;6.8983;332.7439;06690c55-c667-4880-9cc9-28ebcf33984f;2023-11-22 10:48:18.8265
anonymous;552;1.3806;0.0677;-0.0713;271.3848;9.3322;330.5716;06690c55-c667-4880-9cc9-28ebcf33984f;2023-11-22 10:48:18.8484
anonymous;554;1.3803;0.0680;-0.0712;271.4154;11.1971;329.1338;06690c55-c667-4880-9cc9-28ebcf33984f;2023-11-22 10:48:18.8704
anonymous;556;1.3796;0.0683;-0.0715;271.4609;13.6962;327.3716;06690c55-c667-4880-9cc9-28ebcf33984f;2023-11-22 10:48:18.8933
anonymous;558;1.3787;0.0687;-0.0717;271.5118;16.6208;325.3603;06690c55-c667-4880-9cc9-28ebcf33984f;2023-11-22 10:48:18.9152
anonymous;560;1.3776;0.0691;-0.0713;271.6245;19.0844;324.0349;06690c55-c667-4880-9cc9-28ebcf33984f;2023-11-22 10:48:18.9382
anonymous;562;1.3765;0.0694;-0.0715;271.7507;22.2824;322.2481;06690c55-c667-4880-9cc9-28ebcf33984f;2023-11-22 10:48:18.9601
anonymous;564;1.3750;0.0696;-0.0713;271.8987;24.5688;321.4498;06690c55-c667-4880-9cc9-28ebcf33984f;2023-11-22 10:48:18.9821
anonymous;566;1.3734;0.0700;-0.0714;272.0486;26.5355;320.9943;06690c55-c667-4880-9cc9-28ebcf33984f;2023-11-22 10:48:19.0050
anonymous;568;1.3717;0.0703;-0.0713;272.2168;28.1851;320.9171;06690c55-c667-4880-9cc9-28ebcf33984f;2023-11-22 10:48:19.0279
anonymous;570;1.3703;0.0706;-0.0711;272.3669;29.4882;321.0328;06690c55-c667-4880-9cc9-28ebcf33984f;2023-11-22 10:48:19.0509
anonymous;572;1.3692;0.0707;-0.0713;272.5137;31.2791;320.5436;06690c55-c667-4880-9cc9-28ebcf33984f;2023-11-22 10:48:19.0738
anonymous;574;1.3680;0.0708;-0.0713;272.6473;31.8200;321.0400;06690c55-c667-4880-9cc9-28ebcf33984f;2023-11-22 10:48:19.0968
anonymous;576;1.3671;0.0709;-0.0712;272.7662;32.3125;321.3808;06690c55-c667-4880-9cc9-28ebcf33984f;2023-11-22 10:48:19.1197
anonymous;578;1.3665;0.0709;-0.0710;272.8930;32.8155;321.5582;06690c55-c667-4880-9cc9-28ebcf33984f;2023-11-22 10:48:19.1426
anonymous;580;1.3661;0.0710;-0.0702;273.0464;32.5642;322.3921;06690c55-c667-4880-9cc9-28ebcf33984f;2023-11-22 10:48:19.1656
anonymous;582;1.3656;0.0712;-0.0700;273.1769;32.7773;322.7661;06690c55-c667-4880-9cc9-28ebcf33984f;2023-11-22 10:48:19.1885
anonymous;584;1.3650;0.0713;-0.0695;273.3152;32.8762;323.3568;06690c55-c667-4880-9cc9-28ebcf33984f;2023-11-22 10:48:19.2105
anonymous;586;1.3644;0.0715;-0.0694;273.4594;33.1995;323.8318;06690c55-c667-4880-9cc9-28ebcf33984f;2023-11-22 10:48:19.2334
anonymous;588;1.3638;0.0716;-0.0692;273.6023;33.4878;324.3918;06690c55-c667-4880-9cc9-28ebcf33984f;2023-11-22 10:48:19.2553
anonymous;590;1.3629;0.0716;-0.0690;273.7394;33.5722;325.2321;06690c55-c667-4880-9cc9-28ebcf33984f;2023-11-22 10:48:19.2783
anonymous;592;1.3617;0.0719;-0.0689;273.8793;33.5025;326.2715;06690c55-c667-4880-9cc9-28ebcf33984f;2023-11-22 10:48:19.3002
anonymous;594;1.3607;0.0722;-0.0689;274.0089;33.5343;327.2521;06690c55-c667-4880-9cc9-28ebcf33984f;2023-11-22 10:48:19.3222
anonymous;596;1.3596;0.0726;-0.0690;274.1291;33.8610;327.9907;06690c55-c667-4880-9cc9-28ebcf33984f;2023-11-22 10:48:19.3451
anonymous;598;1.3583;0.0729;-0.0693;274.2307;33.9465;328.9647;06690c55-c667-4880-9cc9-28ebcf33984f;2023-11-22 10:48:19.3670
anonymous;600;1.3570;0.0728;-0.0695;274.3383;34.2410;329.8262;06690c55-c667-4880-9cc9-28ebcf33984f;2023-11-22 10:48:19.3900
anonymous;602;1.3549;0.0723;-0.0709;274.3662;34.7359;330.6171;06690c55-c667-4880-9cc9-28ebcf33984f;2023-11-22 10:48:19.4119
anonymous;604;1.3531;0.0721;-0.0714;274.4516;35.1931;331.5009;06690c55-c667-4880-9cc9-28ebcf33984f;2023-11-22 10:48:19.4339
anonymous;606;1.3512;0.0717;-0.0713;274.5432;35.4049;332.6736;06690c55-c667-4880-9cc9-28ebcf33984f;2023-11-22 10:48:19.4568
anonymous;608;1.3489;0.0718;-0.0707;274.6392;35.0843;334.3349;06690c55-c667-4880-9cc9-28ebcf33984f;2023-11-22 10:48:19.4787
anonymous;610;1.3471;0.0718;-0.0702;274.7390;35.0749;335.5958;06690c55-c667-4880-9cc9-28ebcf33984f;2023-11-22 10:48:19.5017
anonymous;612;1.3457;0.0717;-0.0698;274.8297;34.9754;336.7257;06690c55-c667-4880-9cc9-28ebcf33984f;2023-11-22 10:48:19.5236
anonymous;614;1.3444;0.0712;-0.0694;274.8993;35.1814;337.5305;06690c55-c667-4880-9cc9-28ebcf33984f;2023-11-22 10:48:19.5456
anonymous;616;1.3436;0.0710;-0.0697;274.9599;35.5716;338.1286;06690c55-c667-4880-9cc9-28ebcf33984f;2023-11-22 10:48:19.5685
anonymous;618;1.3427;0.0704;-0.0694;275.0164;35.8824;338.6725;06690c55-c667-4880-9cc9-28ebcf33984f;2023-11-22 10:48:19.5904
anonymous;620;1.3416;0.0701;-0.0693;275.0332;35.5118;339.5279;06690c55-c667-4880-9cc9-28ebcf33984f;2023-11-22 10:48:19.6134
anonymous;622;1.3412;0.0699;-0.0685;275.0981;34.9030;340.4276;06690c55-c667-4880-9cc9-28ebcf33984f;2023-11-22 10:48:19.6353
anonymous;624;1.3408;0.0700;-0.0676;275.1613;34.1092;341.3542;06690c55-c667-4880-9cc9-28ebcf33984f;2023-11-22 10:48:19.6583
anonymous;626;1.3403;0.0695;-0.0672;275.1697;33.7985;341.8763;06690c55-c667-4880-9cc9-28ebcf33984f;2023-11-22 10:48:19.6802
anonymous;628;1.3399;0.0696;-0.0671;275.1862;33.5711;342.4156;06690c55-c667-4880-9cc9-28ebcf33984f;2023-11-22 10:48:19.7021
anonymous;630;1.3392;0.0695;-0.0668;275.1739;33.6202;342.8301;06690c55-c667-4880-9cc9-28ebcf33984f;2023-11-22 10:48:19.7251
anonymous;632;1.3381;0.0691;-0.0666;275.1599;34.0016;343.1762;06690c55-c667-4880-9cc9-28ebcf33984f;2023-11-22 10:48:19.7470
anonymous;634;1.3363;0.0695;-0.0670;275.1192;34.3702;343.7882;06690c55-c667-4880-9cc9-28ebcf33984f;2023-11-22 10:48:19.7700
anonymous;636;1.3345;0.0702;-0.0670;275.1129;35.5844;344.1500;06690c55-c667-4880-9cc9-28ebcf33984f;2023-11-22 10:48:19.7919
anonymous;638;1.3325;0.0704;-0.0668;275.0872;37.1197;344.4206;06690c55-c667-4880-9cc9-28ebcf33984f;2023-11-22 10:48:19.8138
anonymous;640;1.3303;0.0713;-0.0667;275.0601;38.8331;344.6954;06690c55-c667-4880-9cc9-28ebcf33984f;2023-11-22 10:48:19.8368
anonymous;642;1.3279;0.0718;-0.0659;275.0417;40.6482;344.9870;06690c55-c667-4880-9cc9-28ebcf33984f;2023-11-22 10:48:19.8587
anonymous;644;1.3255;0.0724;-0.0654;274.9973;42.4934;345.2215;06690c55-c667-4880-9cc9-28ebcf33984f;2023-11-22 10:48:19.8807
anonymous;646;1.3225;0.0731;-0.0651;274.9181;44.2623;345.4447;06690c55-c667-4880-9cc9-28ebcf33984f;2023-11-22 10:48:19.9036
anonymous;648;1.3206;0.0739;-0.0646;274.8806;46.3701;345.1923;06690c55-c667-4880-9cc9-28ebcf33984f;2023-11-22 10:48:19.9255
anonymous;650;1.3193;0.0747;-0.0641;274.8334;48.5522;344.6349;06690c55-c667-4880-9cc9-28ebcf33984f;2023-11-22 10:48:19.9485
anonymous;652;1.3181;0.0751;-0.0637;274.7772;50.4912;343.9165;06690c55-c667-4880-9cc9-28ebcf33984f;2023-11-22 10:48:19.9704
anonymous;654;1.3168;0.0755;-0.0636;274.6701;51.9826;343.2227;06690c55-c667-4880-9cc9-28ebcf33984f;2023-11-22 10:48:19.9924
anonymous;656;1.3158;0.0756;-0.0638;274.5438;53.2401;342.4287;06690c55-c667-4880-9cc9-28ebcf33984f;2023-11-22 10:48:20.0153
anonymous;658;1.3150;0.0754;-0.0642;274.4179;54.9452;341.1128;06690c55-c667-4880-9cc9-28ebcf33984f;2023-11-22 10:48:20.0372
anonymous;660;1.3144;0.0751;-0.0646;274.2775;56.4836;339.7376;06690c55-c667-4880-9cc9-28ebcf33984f;2023-11-22 10:48:20.0602
anonymous;662;1.3142;0.0751;-0.0655;274.1285;58.0457;337.9853;06690c55-c667-4880-9cc9-28ebcf33984f;2023-11-22 10:48:20.0821
anonymous;664;1.3140;0.0747;-0.0666;273.9725;59.7971;336.0440;06690c55-c667-4880-9cc9-28ebcf33984f;2023-11-22 10:48:20.1041
anonymous;666;1.3140;0.0744;-0.0670;273.8600;61.1383;334.4615;06690c55-c667-4880-9cc9-28ebcf33984f;2023-11-22 10:48:20.1270
anonymous;668;1.3137;0.0741;-0.0681;273.6622;63.0836;332.2094;06690c55-c667-4880-9cc9-28ebcf33984f;2023-11-22 10:48:20.1489
anonymous;670;1.3143;0.0734;-0.0686;273.5663;65.2339;329.9767;06690c55-c667-4880-9cc9-28ebcf33984f;2023-11-22 10:48:20.1719
anonymous;672;1.3144;0.0727;-0.0686;273.5077;67.1937;328.1703;06690c55-c667-4880-9cc9-28ebcf33984f;2023-11-22 10:48:20.1938
anonymous;674;1.3142;0.0723;-0.0688;273.4293;69.0339;326.4902;06690c55-c667-4880-9cc9-28ebcf33984f;2023-11-22 10:48:20.2158
anonymous;676;1.3133;0.0717;-0.0693;273.2966;71.1563;324.4955;06690c55-c667-4880-9cc9-28ebcf33984f;2023-11-22 10:48:20.2387
anonymous;678;1.3124;0.0710;-0.0700;273.1629;73.2087;322.5057;06690c55-c667-4880-9cc9-28ebcf33984f;2023-11-22 10:48:20.2607
anonymous;680;1.3114;0.0704;-0.0704;273.0256;74.9143;320.8216;06690c55-c667-4880-9cc9-28ebcf33984f;2023-11-22 10:48:20.2836
anonymous;682;1.3104;0.0698;-0.0705;272.9232;76.3283;319.5471;06690c55-c667-4880-9cc9-28ebcf33984f;2023-11-22 10:48:20.3055
anonymous;684;1.3100;0.0692;-0.0707;272.8840;78.4305;317.7946;06690c55-c667-4880-9cc9-28ebcf33984f;2023-11-22 10:48:20.3275
anonymous;686;1.3096;0.0687;-0.0705;272.8529;79.8095;316.8443;06690c55-c667-4880-9cc9-28ebcf33984f;2023-11-22 10:48:20.3504
anonymous;688;1.3093;0.0682;-0.0701;272.8395;80.9108;316.1528;06690c55-c667-4880-9cc9-28ebcf33984f;2023-11-22 10:48:20.3724
anonymous;690;1.3091;0.0678;-0.0697;272.8380;81.8898;315.6439;06690c55-c667-4880-9cc9-28ebcf33984f;2023-11-22 10:48:20.3953
anonymous;692;1.3092;0.0675;-0.0690;272.8668;82.3314;315.6990;06690c55-c667-4880-9cc9-28ebcf33984f;2023-11-22 10:48:20.4172
anonymous;694;1.3089;0.0673;-0.0684;272.8854;82.6941;315.9110;06690c55-c667-4880-9cc9-28ebcf33984f;2023-11-22 10:48:20.4392
anonymous;696;1.3085;0.0672;-0.0679;272.9080;83.2506;316.0407;06690c55-c667-4880-9cc9-28ebcf33984f;2023-11-22 10:48:20.4621
anonymous;698;1.3082;0.0672;-0.0670;272.9500;83.0499;317.0078;06690c55-c667-4880-9cc9-28ebcf33984f;2023-11-22 10:48:20.4841
anonymous;700;1.3075;0.0673;-0.0661;272.9728;82.4999;318.3324;06690c55-c667-4880-9cc9-28ebcf33984f;2023-11-22 10:48:20.5070
anonymous;702;1.3065;0.0673;-0.0650;272.9860;81.8872;319.8082;06690c55-c667-4880-9cc9-28ebcf33984f;2023-11-22 10:48:20.5289
anonymous;704;1.3059;0.0675;-0.0638;273.0435;80.9352;321.7065;06690c55-c667-4880-9cc9-28ebcf33984f;2023-11-22 10:48:20.5519
anonymous;706;1.3051;0.0676;-0.0625;273.1060;80.2775;323.3573;06690c55-c667-4880-9cc9-28ebcf33984f;2023-11-22 10:48:20.5738
anonymous;708;1.3047;0.0676;-0.0614;273.1820;79.5522;325.0704;06690c55-c667-4880-9cc9-28ebcf33984f;2023-11-22 10:48:20.5958
anonymous;710;1.3044;0.0679;-0.0599;273.2657;78.1185;327.4249;06690c55-c667-4880-9cc9-28ebcf33984f;2023-11-22 10:48:20.6187
anonymous;712;1.3042;0.0681;-0.0581;273.3576;76.2189;330.1307;06690c55-c667-4880-9cc9-28ebcf33984f;2023-11-22 10:48:20.6406
anonymous;714;1.3038;0.0681;-0.0567;273.4443;74.5790;332.5533;06690c55-c667-4880-9cc9-28ebcf33984f;2023-11-22 10:48:20.6626
anonymous;716;1.3034;0.0683;-0.0551;273.5400;72.7333;335.2423;06690c55-c667-4880-9cc9-28ebcf33984f;2023-11-22 10:48:20.6855
anonymous;718;1.3029;0.0684;-0.0535;273.6447;71.0948;337.8241;06690c55-c667-4880-9cc9-28ebcf33984f;2023-11-22 10:48:20.7075
anonymous;720;1.3025;0.0686;-0.0519;273.7694;69.6150;340.2887;06690c55-c667-4880-9cc9-28ebcf33984f;2023-11-22 10:48:20.7304
anonymous;722;1.3023;0.0685;-0.0502;273.9041;68.3276;342.5278;06690c55-c667-4880-9cc9-28ebcf33984f;2023-11-22 10:48:20.7523
anonymous;724;1.3019;0.0685;-0.0485;274.0322;66.8004;345.0624;06690c55-c667-4880-9cc9-28ebcf33984f;2023-11-22 10:48:20.7743
anonymous;726;1.3013;0.0685;-0.0468;274.1554;65.5455;347.4313;06690c55-c667-4880-9cc9-28ebcf33984f;2023-11-22 10:48:20.7972
anonymous;728;1.3008;0.0686;-0.0451;274.3004;64.4651;349.6725;06690c55-c667-4880-9cc9-28ebcf33984f;2023-11-22 10:48:20.8192
anonymous;730;1.3004;0.0685;-0.0435;274.4419;63.4126;351.8372;06690c55-c667-4880-9cc9-28ebcf33984f;2023-11-22 10:48:20.8421
anonymous;732;1.3002;0.0685;-0.0418;274.6072;62.4570;353.8157;06690c55-c667-4880-9cc9-28ebcf33984f;2023-11-22 10:48:20.8640
anonymous;734;1.2997;0.0680;-0.0406;274.7455;62.1242;355.3581;06690c55-c667-4880-9cc9-28ebcf33984f;2023-11-22 10:48:20.8860
anonymous;736;1.2994;0.0675;-0.0392;274.9078;61.6838;356.9757;06690c55-c667-4880-9cc9-28ebcf33984f;2023-11-22 10:48:20.9089
anonymous;738;1.2994;0.0671;-0.0376;275.0743;61.2414;358.4533;06690c55-c667-4880-9cc9-28ebcf33984f;2023-11-22 10:48:20.9309
anonymous;740;1.2991;0.0670;-0.0358;275.2282;60.3247;0.3131;06690c55-c667-4880-9cc9-28ebcf33984f;2023-11-22 10:48:20.9538
anonymous;742;1.2991;0.0667;-0.0340;275.4084;59.4957;2.0610;06690c55-c667-4880-9cc9-28ebcf33984f;2023-11-22 10:48:20.9757
anonymous;744;1.2991;0.0665;-0.0326;275.5659;59.3344;3.1412;06690c55-c667-4880-9cc9-28ebcf33984f;2023-11-22 10:48:20.9977
anonymous;746;1.2989;0.0661;-0.0315;275.7053;59.0085;4.3019;06690c55-c667-4880-9cc9-28ebcf33984f;2023-11-22 10:48:21.0206
anonymous;748;1.2988;0.0658;-0.0304;275.8378;58.7557;5.2942;06690c55-c667-4880-9cc9-28ebcf33984f;2023-11-22 10:48:21.0426
anonymous;750;1.2988;0.0653;-0.0295;275.9640;58.8313;6.0443;06690c55-c667-4880-9cc9-28ebcf33984f;2023-11-22 10:48:21.0655
anonymous;752;1.2987;0.0652;-0.0280;276.0949;58.5332;7.1092;06690c55-c667-4880-9cc9-28ebcf33984f;2023-11-22 10:48:21.0874
anonymous;754;1.2986;0.0649;-0.0267;276.2150;58.3212;8.0281;06690c55-c667-4880-9cc9-28ebcf33984f;2023-11-22 10:48:21.1094
anonymous;756;1.2981;0.0648;-0.0255;276.2914;58.1168;8.8908;06690c55-c667-4880-9cc9-28ebcf33984f;2023-11-22 10:48:21.1323
anonymous;758;1.2977;0.0647;-0.0249;276.3470;58.5262;9.2555;06690c55-c667-4880-9cc9-28ebcf33984f;2023-11-22 10:48:21.1543
anonymous;760;1.2973;0.0647;-0.0239;276.4187;58.6719;9.8120;06690c55-c667-4880-9cc9-28ebcf33984f;2023-11-22 10:48:21.1772
anonymous;762;1.2970;0.0648;-0.0229;276.4732;58.7740;10.2940;06690c55-c667-4880-9cc9-28ebcf33984f;2023-11-22 10:48:21.1991
anonymous;764;1.2966;0.0649;-0.0221;276.5049;59.1060;10.6558;06690c55-c667-4880-9cc9-28ebcf33984f;2023-11-22 10:48:21.2211
anonymous;766;1.2961;0.0650;-0.0213;276.5186;59.7771;10.8551;06690c55-c667-4880-9cc9-28ebcf33984f;2023-11-22 10:48:21.2440
anonymous;768;1.2958;0.0651;-0.0202;276.5403;60.5570;11.0313;06690c55-c667-4880-9cc9-28ebcf33984f;2023-11-22 10:48:21.2660
anonymous;770;1.2955;0.0650;-0.0192;276.5334;61.5913;11.0380;06690c55-c667-4880-9cc9-28ebcf33984f;2023-11-22 10:48:21.2889
anonymous;772;1.2951;0.0648;-0.0180;276.5264;62.6050;11.1794;06690c55-c667-4880-9cc9-28ebcf33984f;2023-11-22 10:48:21.3108
anonymous;774;1.2946;0.0648;-0.0166;276.5072;63.7446;11.2361;06690c55-c667-4880-9cc9-28ebcf33984f;2023-11-22 10:48:21.3328
anonymous;776;1.2942;0.0646;-0.0156;276.4690;65.1626;11.0895;06690c55-c667-4880-9cc9-28ebcf33984f;2023-11-22 10:48:21.3557
anonymous;778;1.2937;0.0643;-0.0142;276.4279;66.5145;11.0656;06690c55-c667-4880-9cc9-28ebcf33984f;2023-11-22 10:48:21.3777
anonymous;780;1.2933;0.0640;-0.0128;276.3815;68.0970;10.8228;06690c55-c667-4880-9cc9-28ebcf33984f;2023-11-22 10:48:21.4006
anonymous;782;1.2930;0.0638;-0.0116;276.3326;69.7376;10.4491;06690c55-c667-4880-9cc9-28ebcf33984f;2023-11-22 10:48:21.4225
anonymous;784;1.2927;0.0635;-0.0106;276.2688;71.3843;9.9202;06690c55-c667-4880-9cc9-28ebcf33984f;2023-11-22 10:48:21.4445
anonymous;786;1.2926;0.0633;-0.0098;276.2062;73.1077;9.1943;06690c55-c667-4880-9cc9-28ebcf33984f;2023-11-22 10:48:21.4674
anonymous;788;1.2922;0.0632;-0.0097;276.1252;75.1891;8.0457;06690c55-c667-4880-9cc9-28ebcf33984f;2023-11-22 10:48:21.4894
anonymous;790;1.2922;0.0627;-0.0093;276.0625;77.1723;6.8619;06690c55-c667-4880-9cc9-28ebcf33984f;2023-11-22 10:48:21.5123
anonymous;792;1.2921;0.0628;-0.0095;275.9930;79.0446;5.5174;06690c55-c667-4880-9cc9-28ebcf33984f;2023-11-22 10:48:21.5342
anonymous;794;1.2918;0.0629;-0.0097;275.9072;80.9166;4.0715;06690c55-c667-4880-9cc9-28ebcf33984f;2023-11-22 10:48:21.5572
anonymous;796;1.2915;0.0626;-0.0100;275.8188;82.9897;2.3857;06690c55-c667-4880-9cc9-28ebcf33984f;2023-11-22 10:48:21.5791
anonymous;798;1.2912;0.0629;-0.0111;275.7153;85.2925;0.3861;06690c55-c667-4880-9cc9-28ebcf33984f;2023-11-22 10:48:21.6011
anonymous;800;1.2909;0.0631;-0.0121;275.6172;87.3261;358.3586;06690c55-c667-4880-9cc9-28ebcf33984f;2023-11-22 10:48:21.6240
anonymous;802;1.2910;0.0634;-0.0133;275.5219;89.3312;356.1199;06690c55-c667-4880-9cc9-28ebcf33984f;2023-11-22 10:48:21.6459
anonymous;804;1.2908;0.0640;-0.0146;275.4185;91.1766;353.9614;06690c55-c667-4880-9cc9-28ebcf33984f;2023-11-22 10:48:21.6679
anonymous;806;1.2908;0.0645;-0.0164;275.3243;93.3350;351.4043;06690c55-c667-4880-9cc9-28ebcf33984f;2023-11-22 10:48:21.6908
anonymous;808;1.2905;0.0647;-0.0180;275.2184;95.3590;348.9119;06690c55-c667-4880-9cc9-28ebcf33984f;2023-11-22 10:48:21.7128
anonymous;810;1.2902;0.0648;-0.0198;275.0957;97.4576;346.2560;06690c55-c667-4880-9cc9-28ebcf33984f;2023-11-22 10:48:21.7357
anonymous;812;1.2896;0.0647;-0.0210;274.9575;99.0732;344.0442;06690c55-c667-4880-9cc9-28ebcf33984f;2023-11-22 10:48:21.7576
anonymous;814;1.2891;0.0640;-0.0215;274.8333;100.9611;341.8528;06690c55-c667-4880-9cc9-28ebcf33984f;2023-11-22 10:48:21.7806
anonymous;816;1.2891;0.0640;-0.0217;274.7525;102.7486;340.1593;06690c55-c667-4880-9cc9-28ebcf33984f;2023-11-22 10:48:21.8025
anonymous;818;1.2888;0.0635;-0.0214;274.6765;105.2720;338.2207;06690c55-c667-4880-9cc9-28ebcf33984f;2023-11-22 10:48:21.8255
anonymous;820;1.2881;0.0628;-0.0210;274.6121;107.6683;336.6379;06690c55-c667-4880-9cc9-28ebcf33984f;2023-11-22 10:48:21.8474
anonymous;822;1.2875;0.0624;-0.0207;274.5439;110.0274;335.0143;06690c55-c667-4880-9cc9-28ebcf33984f;2023-11-22 10:48:21.8693
anonymous;824;1.2871;0.0620;-0.0202;274.4608;112.1702;333.4322;06690c55-c667-4880-9cc9-28ebcf33984f;2023-11-22 10:48:21.8913
anonymous;826;1.2867;0.0617;-0.0200;274.3712;113.8741;332.1181;06690c55-c667-4880-9cc9-28ebcf33984f;2023-11-22 10:48:21.9142
anonymous;828;1.2864;0.0615;-0.0198;274.3004;115.3069;330.9541;06690c55-c667-4880-9cc9-28ebcf33984f;2023-11-22 10:48:21.9362
anonymous;830;1.2859;0.0613;-0.0203;274.2169;117.0568;329.3018;06690c55-c667-4880-9cc9-28ebcf33984f;2023-11-22 10:48:21.9591
anonymous;832;1.2857;0.0611;-0.0207;274.1283;118.3513;327.9610;06690c55-c667-4880-9cc9-28ebcf33984f;2023-11-22 10:48:21.9811
anonymous;834;1.2857;0.0610;-0.0209;274.0253;118.6002;327.4388;06690c55-c667-4880-9cc9-28ebcf33984f;2023-11-22 10:48:22.0030
anonymous;836;1.2855;0.0610;-0.0215;273.9324;119.3973;326.4734;06690c55-c667-4880-9cc9-28ebcf33984f;2023-11-22 10:48:22.0259
anonymous;838;1.2853;0.0609;-0.0216;273.8391;119.7661;326.1062;06690c55-c667-4880-9cc9-28ebcf33984f;2023-11-22 10:48:22.0479
anonymous;840;1.2854;0.0611;-0.0214;273.7489;119.8514;326.1516;06690c55-c667-4880-9cc9-28ebcf33984f;2023-11-22 10:48:22.0708
anonymous;842;1.2853;0.0613;-0.0207;273.6552;119.4284;326.8260;06690c55-c667-4880-9cc9-28ebcf33984f;2023-11-22 10:48:22.0928
anonymous;844;1.2854;0.0614;-0.0198;273.5826;118.6789;327.9860;06690c55-c667-4880-9cc9-28ebcf33984f;2023-11-22 10:48:22.1147
anonymous;846;1.2855;0.0615;-0.0191;273.5267;118.4146;328.8093;06690c55-c667-4880-9cc9-28ebcf33984f;2023-11-22 10:48:22.1376
anonymous;848;1.2855;0.0616;-0.0181;273.4651;117.7445;330.1425;06690c55-c667-4880-9cc9-28ebcf33984f;2023-11-22 10:48:22.1596
anonymous;850;1.2856;0.0616;-0.0172;273.4018;116.2312;332.1204;06690c55-c667-4880-9cc9-28ebcf33984f;2023-11-22 10:48:22.1825
anonymous;852;1.2856;0.0616;-0.0162;273.3291;114.2367;334.3928;06690c55-c667-4880-9cc9-28ebcf33984f;2023-11-22 10:48:22.2045
anonymous;854;1.2857;0.0615;-0.0151;273.2726;111.9036;336.9560;06690c55-c667-4880-9cc9-28ebcf33984f;2023-11-22 10:48:22.2264
anonymous;856;1.2858;0.0614;-0.0146;273.2346;109.5793;339.4658;06690c55-c667-4880-9cc9-28ebcf33984f;2023-11-22 10:48:22.2493
anonymous;858;1.2858;0.0613;-0.0141;273.1984;106.9605;342.1641;06690c55-c667-4880-9cc9-28ebcf33984f;2023-11-22 10:48:22.2713
anonymous;860;1.2859;0.0612;-0.0137;273.1804;104.0990;345.0276;06690c55-c667-4880-9cc9-28ebcf33984f;2023-11-22 10:48:22.2942
anonymous;862;1.2862;0.0610;-0.0133;273.2009;101.0172;348.0072;06690c55-c667-4880-9cc9-28ebcf33984f;2023-11-22 10:48:22.3162
anonymous;864;1.2865;0.0609;-0.0133;273.2343;98.0151;350.8858;06690c55-c667-4880-9cc9-28ebcf33984f;2023-11-22 10:48:22.3381
anonymous;866;1.2868;0.0608;-0.0128;273.2873;94.9132;353.8797;06690c55-c667-4880-9cc9-28ebcf33984f;2023-11-22 10:48:22.3610
anonymous;868;1.2871;0.0608;-0.0126;273.3572;92.2591;356.5204;06690c55-c667-4880-9cc9-28ebcf33984f;2023-11-22 10:48:22.3830
anonymous;870;1.2877;0.0607;-0.0119;273.4633;89.6288;359.1661;06690c55-c667-4880-9cc9-28ebcf33984f;2023-11-22 10:48:22.4059
anonymous;872;1.2879;0.0605;-0.0116;273.5511;87.4177;1.4095;06690c55-c667-4880-9cc9-28ebcf33984f;2023-11-22 10:48:22.4279
anonymous;874;1.2884;0.0605;-0.0108;273.6644;85.2819;3.6559;06690c55-c667-4880-9cc9-28ebcf33984f;2023-11-22 10:48:22.4498
anonymous;876;1.2887;0.0607;-0.0102;273.7840;83.3504;5.7513;06690c55-c667-4880-9cc9-28ebcf33984f;2023-11-22 10:48:22.4727
anonymous;878;1.2889;0.0608;-0.0095;273.8962;81.6086;7.6858;06690c55-c667-4880-9cc9-28ebcf33984f;2023-11-22 10:48:22.4947
anonymous;880;1.2893;0.0611;-0.0090;274.0210;80.3188;9.2450;06690c55-c667-4880-9cc9-28ebcf33984f;2023-11-22 10:48:22.5166
anonymous;882;1.2895;0.0612;-0.0082;274.1540;79.1518;10.7089;06690c55-c667-4880-9cc9-28ebcf33984f;2023-11-22 10:48:22.5396
anonymous;884;1.2903;0.0612;-0.0076;274.3014;78.3283;11.8291;06690c55-c667-4880-9cc9-28ebcf33984f;2023-11-22 10:48:22.5615
anonymous;886;1.2909;0.0616;-0.0069;274.4355;77.5575;12.9516;06690c55-c667-4880-9cc9-28ebcf33984f;2023-11-22 10:48:22.5844
anonymous;888;1.2913;0.0617;-0.0057;274.5686;76.8414;14.1236;06690c55-c667-4880-9cc9-28ebcf33984f;2023-11-22 10:48:22.6064
anonymous;890;1.2915;0.0619;-0.0043;274.6759;76.6116;15.0984;06690c55-c667-4880-9cc9-28ebcf33984f;2023-11-22 10:48:22.6293
anonymous;892;1.2919;0.0623;-0.0031;274.7740;76.7760;15.8650;06690c55-c667-4880-9cc9-28ebcf33984f;2023-11-22 10:48:22.6513
anonymous;894;1.2921;0.0624;-0.0016;274.8591;76.9529;16.6850;06690c55-c667-4880-9cc9-28ebcf33984f;2023-11-22 10:48:22.6732
anonymous;896;1.2923;0.0624;0.0000;274.9332;77.3482;17.3822;06690c55-c667-4880-9cc9-28ebcf33984f;2023-11-22 10:48:22.6961
anonymous;898;1.2925;0.0626;0.0016;274.9956;77.6925;18.2319;06690c55-c667-4880-9cc9-28ebcf33984f;2023-11-22 10:48:22.7181
anonymous;900;1.2931;0.0627;0.0035;275.0727;78.0423;19.0955;06690c55-c667-4880-9cc9-28ebcf33984f;2023-11-22 10:48:22.7410
anonymous;902;1.2935;0.0628;0.0048;275.1104;79.0109;19.4190;06690c55-c667-4880-9cc9-28ebcf33984f;2023-11-22 10:48:22.7630
anonymous;904;1.2939;0.0630;0.0060;275.1351;79.7620;19.8927;06690c55-c667-4880-9cc9-28ebcf33984f;2023-11-22 10:48:22.7849
anonymous;906;1.2942;0.0631;0.0075;275.1639;80.3867;20.3857;06690c55-c667-4880-9cc9-28ebcf33984f;2023-11-22 10:48:22.8078
anonymous;908;1.2945;0.0632;0.0087;275.1750;80.8587;20.8894;06690c55-c667-4880-9cc9-28ebcf33984f;2023-11-22 10:48:22.8298
anonymous;910;1.2951;0.0633;0.0102;275.1955;81.0316;21.5423;06690c55-c667-4880-9cc9-28ebcf33984f;2023-11-22 10:48:22.8527
anonymous;912;1.2953;0.0631;0.0110;275.1768;81.3482;21.8675;06690c55-c667-4880-9cc9-28ebcf33984f;2023-11-22 10:48:22.8747
anonymous;914;1.2954;0.0632;0.0115;275.1572;81.7558;22.0095;06690c55-c667-4880-9cc9-28ebcf33984f;2023-11-22 10:48:22.8966
anonymous;916;1.2956;0.0632;0.0124;275.1342;81.7842;22.4576;06690c55-c667-4880-9cc9-28ebcf33984f;2023-11-22 10:48:22.9195
anonymous;918;1.2958;0.0630;0.0131;275.0965;82.2860;22.4764;06690c55-c667-4880-9cc9-28ebcf33984f;2023-11-22 10:48:22.9415
anonymous;920;1.2958;0.0625;0.0131;275.0273;83.8827;21.7957;06690c55-c667-4880-9cc9-28ebcf33984f;2023-11-22 10:48:22.9644
anonymous;922;1.2961;0.0621;0.0138;274.9657;85.5670;21.3472;06690c55-c667-4880-9cc9-28ebcf33984f;2023-11-22 10:48:22.9864
anonymous;924;1.2963;0.0618;0.0150;274.8827;86.8736;21.2833;06690c55-c667-4880-9cc9-28ebcf33984f;2023-11-22 10:48:23.0083
anonymous;926;1.2968;0.0617;0.0166;274.8192;88.0612;21.3622;06690c55-c667-4880-9cc9-28ebcf33984f;2023-11-22 10:48:23.0312
anonymous;928;1.2971;0.0615;0.0180;274.7366;89.5158;21.1794;06690c55-c667-4880-9cc9-28ebcf33984f;2023-11-22 10:48:23.0532
anonymous;930;1.2974;0.0611;0.0194;274.6403;91.0166;20.9856;06690c55-c667-4880-9cc9-28ebcf33984f;2023-11-22 10:48:23.0761
anonymous;932;1.2980;0.0610;0.0203;274.5606;93.1622;20.2749;06690c55-c667-4880-9cc9-28ebcf33984f;2023-11-22 10:48:23.0981
anonymous;934;1.2986;0.0608;0.0215;274.4840;95.2227;19.6700;06690c55-c667-4880-9cc9-28ebcf33984f;2023-11-22 10:48:23.1210
anonymous;936;1.2991;0.0605;0.0227;274.4138;97.2898;18.9920;06690c55-c667-4880-9cc9-28ebcf33984f;2023-11-22 10:48:23.1429
anonymous;938;1.2994;0.0603;0.0239;274.3285;99.1577;18.3552;06690c55-c667-4880-9cc9-28ebcf33984f;2023-11-22 10:48:23.1649
anonymous;940;1.2998;0.0600;0.0250;274.2611;101.0454;17.5981;06690c55-c667-4880-9cc9-28ebcf33984f;2023-11-22 10:48:23.1878
anonymous;942;1.3002;0.0598;0.0260;274.1921;102.7866;16.9140;06690c55-c667-4880-9cc9-28ebcf33984f;2023-11-22 10:48:23.2098
anonymous;944;1.3003;0.0594;0.0273;274.1171;104.3484;16.3469;06690c55-c667-4880-9cc9-28ebcf33984f;2023-11-22 10:48:23.2317
anonymous;946;1.3006;0.0589;0.0288;274.0565;105.6954;15.9209;06690c55-c667-4880-9cc9-28ebcf33984f;2023-11-22 10:48:23.2546
anonymous;948;1.3011;0.0585;0.0303;274.0062;107.1194;15.4862;06690c55-c667-4880-9cc9-28ebcf33984f;2023-11-22 10:48:23.2766
anonymous;950;1.3021;0.0577;0.0317;273.9866;108.9467;14.8827;06690c55-c667-4880-9cc9-28ebcf33984f;2023-11-22 10:48:23.2985
anonymous;952;1.3029;0.0572;0.0337;273.9433;110.5736;14.5944;06690c55-c667-4880-9cc9-28ebcf33984f;2023-11-22 10:48:23.3215
anonymous;954;1.3037;0.0572;0.0355;273.9027;111.7955;14.5918;06690c55-c667-4880-9cc9-28ebcf33984f;2023-11-22 10:48:23.3434
anonymous;956;1.3043;0.0571;0.0371;273.8713;113.3674;14.2329;06690c55-c667-4880-9cc9-28ebcf33984f;2023-11-22 10:48:23.3663
anonymous;958;1.3054;0.0567;0.0384;273.8833;115.6397;13.3740;06690c55-c667-4880-9cc9-28ebcf33984f;2023-11-22 10:48:23.3883
anonymous;960;1.3066;0.0571;0.0389;273.9111;117.8360;12.5403;06690c55-c667-4880-9cc9-28ebcf33984f;2023-11-22 10:48:23.4112
anonymous;962;1.3076;0.0574;0.0398;273.9359;119.4296;12.0790;06690c55-c667-4880-9cc9-28ebcf33984f;2023-11-22 10:48:23.4332
anonymous;964;1.3083;0.0576;0.0406;273.9592;120.8519;11.6269;06690c55-c667-4880-9cc9-28ebcf33984f;2023-11-22 10:48:23.4551
anonymous;966;1.3090;0.0578;0.0415;273.9796;121.6632;11.6231;06690c55-c667-4880-9cc9-28ebcf33984f;2023-11-22 10:48:23.4780
anonymous;968;1.3098;0.0579;0.0424;274.0255;122.3275;11.7134;06690c55-c667-4880-9cc9-28ebcf33984f;2023-11-22 10:48:23.5000
anonymous;970;1.3105;0.0581;0.0429;274.0736;123.2977;11.5167;06690c55-c667-4880-9cc9-28ebcf33984f;2023-11-22 10:48:23.5229
anonymous;972;1.3113;0.0583;0.0435;274.1205;124.0088;11.6221;06690c55-c667-4880-9cc9-28ebcf33984f;2023-11-22 10:48:23.5449
anonymous;974;1.3122;0.0586;0.0439;274.1813;124.6682;11.7554;06690c55-c667-4880-9cc9-28ebcf33984f;2023-11-22 10:48:23.5668
anonymous;976;1.3131;0.0589;0.0445;274.2438;124.9415;12.2088;06690c55-c667-4880-9cc9-28ebcf33984f;2023-11-22 10:48:23.5897
anonymous;978;1.3141;0.0594;0.0452;274.3038;124.7159;13.0309;06690c55-c667-4880-9cc9-28ebcf33984f;2023-11-22 10:48:23.6117
anonymous;980;1.3151;0.0598;0.0452;274.3956;124.8368;13.5320;06690c55-c667-4880-9cc9-28ebcf33984f;2023-11-22 10:48:23.6346
anonymous;982;1.3162;0.0603;0.0453;274.4755;124.8412;14.1554;06690c55-c667-4880-9cc9-28ebcf33984f;2023-11-22 10:48:23.6566
anonymous;984;1.3171;0.0609;0.0454;274.5604;124.7004;14.8589;06690c55-c667-4880-9cc9-28ebcf33984f;2023-11-22 10:48:23.6785
anonymous;986;1.3177;0.0616;0.0455;274.6417;124.4984;15.4887;06690c55-c667-4880-9cc9-28ebcf33984f;2023-11-22 10:48:23.7015
anonymous;988;1.3186;0.0623;0.0458;274.7345;123.6398;16.6000;06690c55-c667-4880-9cc9-28ebcf33984f;2023-11-22 10:48:23.7234
anonymous;990;1.3194;0.0631;0.0457;274.8218;123.0658;17.3900;06690c55-c667-4880-9cc9-28ebcf33984f;2023-11-22 10:48:23.7463
anonymous;992;1.3203;0.0637;0.0456;274.9257;122.2969;18.3333;06690c55-c667-4880-9cc9-28ebcf33984f;2023-11-22 10:48:23.7683
anonymous;994;1.3211;0.0641;0.0455;275.0195;121.5082;19.2065;06690c55-c667-4880-9cc9-28ebcf33984f;2023-11-22 10:48:23.7902
anonymous;996;1.3216;0.0646;0.0451;275.1110;120.8943;19.8720;06690c55-c667-4880-9cc9-28ebcf33984f;2023-11-22 10:48:23.8132
anonymous;998;1.3221;0.0647;0.0448;275.2029;120.3262;20.4175;06690c55-c667-4880-9cc9-28ebcf33984f;2023-11-22 10:48:23.8351
anonymous;1000;1.3225;0.0647;0.0443;275.2825;119.7193;21.0523;06690c55-c667-4880-9cc9-28ebcf33984f;2023-11-22 10:48:23.8580
anonymous;1002;1.3226;0.0648;0.0439;275.3389;119.0658;21.6273;06690c55-c667-4880-9cc9-28ebcf33984f;2023-11-22 10:48:23.8800
anonymous;1004;1.3225;0.0648;0.0435;275.3849;118.5087;21.9696;06690c55-c667-4880-9cc9-28ebcf33984f;2023-11-22 10:48:23.9019
anonymous;1006;1.3229;0.0646;0.0429;275.4694;117.7603;22.4242;06690c55-c667-4880-9cc9-28ebcf33984f;2023-11-22 10:48:23.9249
anonymous;1008;1.3234;0.0646;0.0423;275.5243;117.2267;22.9402;06690c55-c667-4880-9cc9-28ebcf33984f;2023-11-22 10:48:23.9468
anonymous;1010;1.3240;0.0645;0.0422;275.5640;116.8477;23.4365;06690c55-c667-4880-9cc9-28ebcf33984f;2023-11-22 10:48:23.9697
anonymous;1012;1.3240;0.0643;0.0420;275.5812;116.6693;23.7184;06690c55-c667-4880-9cc9-28ebcf33984f;2023-11-22 10:48:23.9917
anonymous;1014;1.3241;0.0640;0.0421;275.5847;116.2048;24.2731;06690c55-c667-4880-9cc9-28ebcf33984f;2023-11-22 10:48:24.0146
anonymous;1016;1.3241;0.0641;0.0420;275.5583;115.8817;24.7986;06690c55-c667-4880-9cc9-28ebcf33984f;2023-11-22 10:48:24.0366
anonymous;1018;1.3240;0.0639;0.0419;275.5101;116.0518;24.9536;06690c55-c667-4880-9cc9-28ebcf33984f;2023-11-22 10:48:24.0585
anonymous;1020;1.3237;0.0636;0.0416;275.4758;116.0579;25.0120;06690c55-c667-4880-9cc9-28ebcf33984f;2023-11-22 10:48:24.0814
anonymous;1022;1.3235;0.0635;0.0410;275.4433;115.7478;25.1782;06690c55-c667-4880-9cc9-28ebcf33984f;2023-11-22 10:48:24.1034
anonymous;1024;1.3234;0.0632;0.0409;275.4116;115.1867;25.5015;06690c55-c667-4880-9cc9-28ebcf33984f;2023-11-22 10:48:24.1253
anonymous;1026;1.3235;0.0629;0.0409;275.3564;114.8241;25.8001;06690c55-c667-4880-9cc9-28ebcf33984f;2023-11-22 10:48:24.1483
anonymous;1028;1.3235;0.0631;0.0408;275.2972;114.7322;26.0795;06690c55-c667-4880-9cc9-28ebcf33984f;2023-11-22 10:48:24.1702
anonymous;1030;1.3238;0.0630;0.0411;275.2147;115.0300;26.2387;06690c55-c667-4880-9cc9-28ebcf33984f;2023-11-22 10:48:24.1931
anonymous;1032;1.3241;0.0630;0.0414;275.1149;115.5520;26.3794;06690c55-c667-4880-9cc9-28ebcf33984f;2023-11-22 10:48:24.2151
anonymous;1034;1.3247;0.0632;0.0421;275.0153;116.0274;26.7341;06690c55-c667-4880-9cc9-28ebcf33984f;2023-11-22 10:48:24.2370
anonymous;1036;1.3254;0.0632;0.0428;274.8990;116.8308;27.0590;06690c55-c667-4880-9cc9-28ebcf33984f;2023-11-22 10:48:24.2600
anonymous;1038;1.3266;0.0634;0.0433;274.7823;118.1940;27.1686;06690c55-c667-4880-9cc9-28ebcf33984f;2023-11-22 10:48:24.2819
anonymous;1040;1.3276;0.0634;0.0441;274.6613;119.6830;27.2206;06690c55-c667-4880-9cc9-28ebcf33984f;2023-11-22 10:48:24.3048
anonymous;1042;1.3284;0.0633;0.0447;274.5283;121.4213;27.0885;06690c55-c667-4880-9cc9-28ebcf33984f;2023-11-22 10:48:24.3268
anonymous;1044;1.3295;0.0634;0.0452;274.4020;123.2257;26.7865;06690c55-c667-4880-9cc9-28ebcf33984f;2023-11-22 10:48:24.3487
anonymous;1046;1.3309;0.0644;0.0445;274.2879;124.7457;26.6832;06690c55-c667-4880-9cc9-28ebcf33984f;2023-11-22 10:48:24.3717
anonymous;1048;1.3321;0.0650;0.0448;274.1691;125.9531;26.7442;06690c55-c667-4880-9cc9-28ebcf33984f;2023-11-22 10:48:24.3936
anonymous;1050;1.3334;0.0653;0.0453;274.0630;126.9788;26.7785;06690c55-c667-4880-9cc9-28ebcf33984f;2023-11-22 10:48:24.4165
anonymous;1052;1.3345;0.0653;0.0457;273.9674;127.9755;26.7390;06690c55-c667-4880-9cc9-28ebcf33984f;2023-11-22 10:48:24.4385
anonymous;1054;1.3352;0.0651;0.0462;273.8603;128.8457;26.6669;06690c55-c667-4880-9cc9-28ebcf33984f;2023-11-22 10:48:24.4604
anonymous;1056;1.3357;0.0649;0.0463;273.7799;129.6934;26.3072;06690c55-c667-4880-9cc9-28ebcf33984f;2023-11-22 10:48:24.4834
anonymous;1058;1.3359;0.0644;0.0469;273.6715;130.6037;25.9818;06690c55-c667-4880-9cc9-28ebcf33984f;2023-11-22 10:48:24.5053
anonymous;1060;1.3363;0.0636;0.0473;273.5936;131.8298;25.4149;06690c55-c667-4880-9cc9-28ebcf33984f;2023-11-22 10:48:24.5282
anonymous;1062;1.3371;0.0630;0.0477;273.5336;133.0161;24.9673;06690c55-c667-4880-9cc9-28ebcf33984f;2023-11-22 10:48:24.5502
anonymous;1064;1.3379;0.0628;0.0481;273.4642;134.0316;24.7020;06690c55-c667-4880-9cc9-28ebcf33984f;2023-11-22 10:48:24.5721
anonymous;1066;1.3386;0.0622;0.0488;273.3908;135.4191;24.1370;06690c55-c667-4880-9cc9-28ebcf33984f;2023-11-22 10:48:24.5951
anonymous;1068;1.3398;0.0618;0.0494;273.3268;136.6152;23.9359;06690c55-c667-4880-9cc9-28ebcf33984f;2023-11-22 10:48:24.6170
anonymous;1070;1.3409;0.0611;0.0499;273.2712;138.0437;23.6471;06690c55-c667-4880-9cc9-28ebcf33984f;2023-11-22 10:48:24.6399
anonymous;1072;1.3424;0.0605;0.0507;273.2186;139.2950;23.5480;06690c55-c667-4880-9cc9-28ebcf33984f;2023-11-22 10:48:24.6619
anonymous;1074;1.3439;0.0600;0.0513;273.1729;140.4895;23.5443;06690c55-c667-4880-9cc9-28ebcf33984f;2023-11-22 10:48:24.6848
anonymous;1076;1.3455;0.0590;0.0519;273.1427;141.7151;23.5233;06690c55-c667-4880-9cc9-28ebcf33984f;2023-11-22 10:48:24.7068
anonymous;1078;1.3470;0.0580;0.0530;273.0914;142.9019;23.5633;06690c55-c667-4880-9cc9-28ebcf33984f;2023-11-22 10:48:24.7297
anonymous;1080;1.3483;0.0569;0.0537;273.0508;144.1361;23.4348;06690c55-c667-4880-9cc9-28ebcf33984f;2023-11-22 10:48:24.7516
anonymous;1082;1.3498;0.0563;0.0541;273.0353;144.9512;23.6691;06690c55-c667-4880-9cc9-28ebcf33984f;2023-11-22 10:48:24.7736
anonymous;1084;1.3518;0.0553;0.0549;273.0173;145.6938;24.1307;06690c55-c667-4880-9cc9-28ebcf33984f;2023-11-22 10:48:24.7955
anonymous;1086;1.3533;0.0544;0.0556;272.9843;146.6107;24.4506;06690c55-c667-4880-9cc9-28ebcf33984f;2023-11-22 10:48:24.8185
anonymous;1088;1.3549;0.0538;0.0564;272.9615;147.2451;24.9762;06690c55-c667-4880-9cc9-28ebcf33984f;2023-11-22 10:48:24.8404
anonymous;1090;1.3562;0.0530;0.0573;272.9191;147.7431;25.5334;06690c55-c667-4880-9cc9-28ebcf33984f;2023-11-22 10:48:24.8633
anonymous;1092;1.3574;0.0524;0.0587;272.8422;147.4771;26.7480;06690c55-c667-4880-9cc9-28ebcf33984f;2023-11-22 10:48:24.8853
anonymous;1094;1.3586;0.0515;0.0604;272.7675;146.9723;28.0617;06690c55-c667-4880-9cc9-28ebcf33984f;2023-11-22 10:48:24.9072
anonymous;1096;1.3597;0.0509;0.0624;272.6940;145.4469;30.2104;06690c55-c667-4880-9cc9-28ebcf33984f;2023-11-22 10:48:24.9302
anonymous;1098;1.3606;0.0504;0.0642;272.6199;144.0203;32.1388;06690c55-c667-4880-9cc9-28ebcf33984f;2023-11-22 10:48:24.9521
anonymous;1100;1.3614;0.0502;0.0657;272.5740;142.1091;34.4173;06690c55-c667-4880-9cc9-28ebcf33984f;2023-11-22 10:48:24.9750
anonymous;1102;1.3622;0.0499;0.0671;272.5488;140.6752;36.2353;06690c55-c667-4880-9cc9-28ebcf33984f;2023-11-22 10:48:24.9970
anonymous;1104;1.3627;0.0497;0.0678;272.5451;139.9499;37.3439;06690c55-c667-4880-9cc9-28ebcf33984f;2023-11-22 10:48:25.0189
anonymous;1106;1.3632;0.0497;0.0684;272.5549;139.1945;38.5310;06690c55-c667-4880-9cc9-28ebcf33984f;2023-11-22 10:48:25.0419
anonymous;1108;1.3641;0.0495;0.0689;272.5669;138.7686;39.5072;06690c55-c667-4880-9cc9-28ebcf33984f;2023-11-22 10:48:25.0638
anonymous;1110;1.3651;0.0494;0.0691;272.6044;138.5330;40.3969;06690c55-c667-4880-9cc9-28ebcf33984f;2023-11-22 10:48:25.0867
anonymous;1112;1.3662;0.0493;0.0686;272.6720;138.6449;40.9301;06690c55-c667-4880-9cc9-28ebcf33984f;2023-11-22 10:48:25.1087
anonymous;1114;1.3671;0.0491;0.0680;272.7529;139.5279;40.7514;06690c55-c667-4880-9cc9-28ebcf33984f;2023-11-22 10:48:25.1306
anonymous;1116;1.3679;0.0493;0.0682;272.7944;139.2729;41.6007;06690c55-c667-4880-9cc9-28ebcf33984f;2023-11-22 10:48:25.1536
anonymous;1118;1.3686;0.0494;0.0686;272.8260;139.0020;42.4189;06690c55-c667-4880-9cc9-28ebcf33984f;2023-11-22 10:48:25.1755
anonymous;1120;1.3696;0.0495;0.0684;272.8904;139.4927;42.6087;06690c55-c667-4880-9cc9-28ebcf33984f;2023-11-22 10:48:25.1984
anonymous;1122;1.3706;0.0498;0.0674;272.9869;140.2176;42.6049;06690c55-c667-4880-9cc9-28ebcf33984f;2023-11-22 10:48:25.2204
anonymous;1124;1.3716;0.0499;0.0666;273.0907;141.2782;42.2591;06690c55-c667-4880-9cc9-28ebcf33984f;2023-11-22 10:48:25.2423
anonymous;1126;1.3730;0.0501;0.0654;273.2032;142.1178;42.1425;06690c55-c667-4880-9cc9-28ebcf33984f;2023-11-22 10:48:25.2653
anonymous;1128;1.3739;0.0503;0.0646;273.2946;143.2143;41.8044;06690c55-c667-4880-9cc9-28ebcf33984f;2023-11-22 10:48:25.2872
anonymous;1130;1.3748;0.0504;0.0639;273.3898;144.0978;41.6811;06690c55-c667-4880-9cc9-28ebcf33984f;2023-11-22 10:48:25.3101
anonymous;1132;1.3757;0.0506;0.0630;273.4863;145.1406;41.3748;06690c55-c667-4880-9cc9-28ebcf33984f;2023-11-22 10:48:25.3321
anonymous;1134;1.3769;0.0507;0.0623;273.5913;146.0216;41.2011;06690c55-c667-4880-9cc9-28ebcf33984f;2023-11-22 10:48:25.3550
anonymous;1136;1.3778;0.0509;0.0614;273.6961;146.7695;41.0803;06690c55-c667-4880-9cc9-28ebcf33984f;2023-11-22 10:48:25.3770
anonymous;1138;1.3786;0.0507;0.0610;273.7946;147.4623;40.9116;06690c55-c667-4880-9cc9-28ebcf33984f;2023-11-22 10:48:25.3989
anonymous;1140;1.3794;0.0507;0.0607;273.8841;147.9151;40.8507;06690c55-c667-4880-9cc9-28ebcf33984f;2023-11-22 10:48:25.4219
anonymous;1142;1.3800;0.0507;0.0604;273.9764;148.2226;40.8585;06690c55-c667-4880-9cc9-28ebcf33984f;2023-11-22 10:48:25.4438
anonymous;1144;1.3805;0.0507;0.0598;274.0919;148.7323;40.5665;06690c55-c667-4880-9cc9-28ebcf33984f;2023-11-22 10:48:25.4657
anonymous;1146;1.3811;0.0507;0.0595;274.1978;149.0421;40.4127;06690c55-c667-4880-9cc9-28ebcf33984f;2023-11-22 10:48:25.4887
anonymous;1148;1.3814;0.0507;0.0590;274.3011;149.6269;39.9450;06690c55-c667-4880-9cc9-28ebcf33984f;2023-11-22 10:48:25.5106
anonymous;1150;1.3813;0.0509;0.0581;274.3991;150.5144;39.2183;06690c55-c667-4880-9cc9-28ebcf33984f;2023-11-22 10:48:25.5336
anonymous;1152;1.3814;0.0511;0.0577;274.4748;151.2289;38.7328;06690c55-c667-4880-9cc9-28ebcf33984f;2023-11-22 10:48:25.5555
anonymous;1154;1.3815;0.0517;0.0570;274.5526;152.0608;38.1680;06690c55-c667-4880-9cc9-28ebcf33984f;2023-11-22 10:48:25.5784
anonymous;1156;1.3818;0.0518;0.0568;274.6149;152.8249;37.7330;06690c55-c667-4880-9cc9-28ebcf33984f;2023-11-22 10:48:25.6004
anonymous;1158;1.3825;0.0523;0.0561;274.6864;153.7198;37.3364;06690c55-c667-4880-9cc9-28ebcf33984f;2023-11-22 10:48:25.6223
anonymous;1160;1.3835;0.0529;0.0555;274.7399;154.6265;37.1213;06690c55-c667-4880-9cc9-28ebcf33984f;2023-11-22 10:48:25.6453
anonymous;1162;1.3846;0.0532;0.0552;274.7773;155.6238;36.9276;06690c55-c667-4880-9cc9-28ebcf33984f;2023-11-22 10:48:25.6672
anonymous;1164;1.3857;0.0538;0.0547;274.7993;156.6072;36.8014;06690c55-c667-4880-9cc9-28ebcf33984f;2023-11-22 10:48:25.6901
anonymous;1166;1.3868;0.0545;0.0541;274.8029;157.7314;36.6024;06690c55-c667-4880-9cc9-28ebcf33984f;2023-11-22 10:48:25.7121
anonymous;1168;1.3880;0.0551;0.0536;274.8088;158.8583;36.4764;06690c55-c667-4880-9cc9-28ebcf33984f;2023-11-22 10:48:25.7340
anonymous;1170;1.3891;0.0559;0.0528;274.8099;160.1956;36.2581;06690c55-c667-4880-9cc9-28ebcf33984f;2023-11-22 10:48:25.7570
anonymous;1172;1.3901;0.0562;0.0525;274.7686;161.4937;36.0949;06690c55-c667-4880-9cc9-28ebcf33984f;2023-11-22 10:48:25.7789
anonymous;1174;1.3911;0.0565;0.0522;274.7193;162.5876;35.9917;06690c55-c667-4880-9cc9-28ebcf33984f;2023-11-22 10:48:25.8008
anonymous;1176;1.3922;0.0570;0.0518;274.6873;163.3277;36.0757;06690c55-c667-4880-9cc9-28ebcf33984f;2023-11-22 10:48:25.8238
anonymous;1178;1.3933;0.0573;0.0519;274.6271;163.7687;36.3028;06690c55-c667-4880-9cc9-28ebcf33984f;2023-11-22 10:48:25.8457
anonymous;1180;1.3941;0.0572;0.0521;274.5494;164.2026;36.4357;06690c55-c667-4880-9cc9-28ebcf33984f;2023-11-22 10:48:25.8687
anonymous;1182;1.3949;0.0571;0.0521;274.4756;164.4628;36.6332;06690c55-c667-4880-9cc9-28ebcf33984f;2023-11-22 10:48:25.8906
anonymous;1184;1.3954;0.0567;0.0522;274.3969;164.8818;36.6745;06690c55-c667-4880-9cc9-28ebcf33984f;2023-11-22 10:48:25.9125
anonymous;1186;1.3957;0.0564;0.0524;274.2873;165.4194;36.5884;06690c55-c667-4880-9cc9-28ebcf33984f;2023-11-22 10:48:25.9355
anonymous;1188;1.3965;0.0560;0.0524;274.1957;165.8844;36.6300;06690c55-c667-4880-9cc9-28ebcf33984f;2023-11-22 10:48:25.9574
anonymous;1190;1.3976;0.0559;0.0520;274.0958;166.3253;36.9798;06690c55-c667-4880-9cc9-28ebcf33984f;2023-11-22 10:48:25.9804
anonymous;1192;1.3992;0.0553;0.0514;273.9694;167.4594;37.1231;06690c55-c667-4880-9cc9-28ebcf33984f;2023-11-22 10:48:26.0023
anonymous;1194;1.4008;0.0555;0.0504;273.8225;169.0954;37.0724;06690c55-c667-4880-9cc9-28ebcf33984f;2023-11-22 10:48:26.0242
anonymous;1196;1.4026;0.0555;0.0489;273.7026;171.4896;36.7347;06690c55-c667-4880-9cc9-28ebcf33984f;2023-11-22 10:48:26.0472
anonymous;1198;1.4042;0.0557;0.0474;273.5345;174.4579;36.0115;06690c55-c667-4880-9cc9-28ebcf33984f;2023-11-22 10:48:26.0691
anonymous;1200;1.4054;0.0564;0.0449;273.4025;177.6835;35.0781;06690c55-c667-4880-9cc9-28ebcf33984f;2023-11-22 10:48:26.0921
anonymous;1202;1.4066;0.0569;0.0426;273.3018;181.4271;33.5469;06690c55-c667-4880-9cc9-28ebcf33984f;2023-11-22 10:48:26.1140
anonymous;1204;1.4078;0.0578;0.0397;273.2032;184.8568;32.2740;06690c55-c667-4880-9cc9-28ebcf33984f;2023-11-22 10:48:26.1369
anonymous;1206;1.4085;0.0593;0.0368;273.0853;188.5434;30.6069;06690c55-c667-4880-9cc9-28ebcf33984f;2023-11-22 10:48:26.1589
anonymous;1208;1.4090;0.0597;0.0348;272.9808;191.9774;28.9887;06690c55-c667-4880-9cc9-28ebcf33984f;2023-11-22 10:48:26.1808
anonymous;1210;1.4100;0.0611;0.0321;272.8828;194.5682;27.9746;06690c55-c667-4880-9cc9-28ebcf33984f;2023-11-22 10:48:26.2038
anonymous;1212;1.4104;0.0613;0.0306;272.7857;197.4933;26.3588;06690c55-c667-4880-9cc9-28ebcf33984f;2023-11-22 10:48:26.2257
anonymous;1214;1.4109;0.0614;0.0293;272.6825;199.4910;25.4200;06690c55-c667-4880-9cc9-28ebcf33984f;2023-11-22 10:48:26.2476
anonymous;1216;1.4112;0.0612;0.0280;272.5835;200.7883;24.8542;06690c55-c667-4880-9cc9-28ebcf33984f;2023-11-22 10:48:26.2706
anonymous;1218;1.4114;0.0608;0.0277;272.4757;202.4543;23.7833;06690c55-c667-4880-9cc9-28ebcf33984f;2023-11-22 10:48:26.2925
anonymous;1220;1.4114;0.0603;0.0271;272.3688;203.5858;23.1465;06690c55-c667-4880-9cc9-28ebcf33984f;2023-11-22 10:48:26.3155
anonymous;1222;1.4115;0.0597;0.0266;272.2678;204.3140;22.7574;06690c55-c667-4880-9cc9-28ebcf33984f;2023-11-22 10:48:26.3374
anonymous;1224;1.4118;0.0591;0.0264;272.1434;204.2076;23.1147;06690c55-c667-4880-9cc9-28ebcf33984f;2023-11-22 10:48:26.3593
anonymous;1226;1.4124;0.0587;0.0258;272.0479;202.8671;24.6835;06690c55-c667-4880-9cc9-28ebcf33984f;2023-11-22 10:48:26.3823
anonymous;1228;1.4130;0.0580;0.0251;271.9519;202.3271;25.6142;06690c55-c667-4880-9cc9-28ebcf33984f;2023-11-22 10:48:26.4042
anonymous;1230;1.4136;0.0577;0.0247;271.8302;202.5323;26.0616;06690c55-c667-4880-9cc9-28ebcf33984f;2023-11-22 10:48:26.4272
anonymous;1232;1.4145;0.0575;0.0236;271.7287;201.8486;27.6164;06690c55-c667-4880-9cc9-28ebcf33984f;2023-11-22 10:48:26.4491
anonymous;1234;1.4156;0.0571;0.0222;271.6534;200.7091;29.6312;06690c55-c667-4880-9cc9-28ebcf33984f;2023-11-22 10:48:26.4710
anonymous;1236;1.4171;0.0567;0.0213;271.5395;199.3075;31.9962;06690c55-c667-4880-9cc9-28ebcf33984f;2023-11-22 10:48:26.4940
anonymous;1238;1.4183;0.0566;0.0201;271.4454;198.0678;34.3540;06690c55-c667-4880-9cc9-28ebcf33984f;2023-11-22 10:48:26.5159
anonymous;1240;1.4194;0.0564;0.0189;271.3571;197.2840;36.2836;06690c55-c667-4880-9cc9-28ebcf33984f;2023-11-22 10:48:26.5389
anonymous;1242;1.4206;0.0561;0.0176;271.2942;195.0598;39.6474;06690c55-c667-4880-9cc9-28ebcf33984f;2023-11-22 10:48:26.5608
anonymous;1244;1.4214;0.0561;0.0162;271.2512;192.9335;42.6815;06690c55-c667-4880-9cc9-28ebcf33984f;2023-11-22 10:48:26.5827
anonymous;1246;1.4221;0.0560;0.0147;271.2319;189.9023;46.5197;06690c55-c667-4880-9cc9-28ebcf33984f;2023-11-22 10:48:26.6057
anonymous;1248;1.4228;0.0560;0.0134;271.2217;187.8013;49.4985;06690c55-c667-4880-9cc9-28ebcf33984f;2023-11-22 10:48:26.6276
anonymous;1250;1.4238;0.0561;0.0123;271.1832;184.4854;53.7822;06690c55-c667-4880-9cc9-28ebcf33984f;2023-11-22 10:48:26.6506
anonymous;1252;1.4247;0.0560;0.0115;271.1774;181.6037;57.5655;06690c55-c667-4880-9cc9-28ebcf33984f;2023-11-22 10:48:26.6725
anonymous;1254;1.4257;0.0558;0.0102;271.2053;178.0987;61.9311;06690c55-c667-4880-9cc9-28ebcf33984f;2023-11-22 10:48:26.6954
anonymous;1256;1.4262;0.0561;0.0085;271.2493;176.8042;64.1779;06690c55-c667-4880-9cc9-28ebcf33984f;2023-11-22 10:48:26.7174
anonymous;1258;1.4268;0.0560;0.0070;271.3016;175.8462;66.1014;06690c55-c667-4880-9cc9-28ebcf33984f;2023-11-22 10:48:26.7393
anonymous;1260;1.4273;0.0561;0.0058;271.3400;175.1599;67.6737;06690c55-c667-4880-9cc9-28ebcf33984f;2023-11-22 10:48:26.7623
anonymous;1262;1.4276;0.0563;0.0043;271.4223;174.6092;68.9972;06690c55-c667-4880-9cc9-28ebcf33984f;2023-11-22 10:48:26.7842
anonymous;1264;1.4280;0.0562;0.0030;271.5103;174.4991;69.8393;06690c55-c667-4880-9cc9-28ebcf33984f;2023-11-22 10:48:26.8061
anonymous;1266;1.4284;0.0561;0.0020;271.5871;174.2925;70.8519;06690c55-c667-4880-9cc9-28ebcf33984f;2023-11-22 10:48:26.8291
anonymous;1268;1.4291;0.0561;0.0009;271.6566;173.7139;72.2826;06690c55-c667-4880-9cc9-28ebcf33984f;2023-11-22 10:48:26.8510
anonymous;1270;1.4296;0.0564;-0.0006;271.7328;174.3943;72.5127;06690c55-c667-4880-9cc9-28ebcf33984f;2023-11-22 10:48:26.8740
anonymous;1272;1.4302;0.0566;-0.0020;271.8076;175.0168;72.8994;06690c55-c667-4880-9cc9-28ebcf33984f;2023-11-22 10:48:26.8959
anonymous;1274;1.4309;0.0570;-0.0037;271.8811;176.0351;73.0474;06690c55-c667-4880-9cc9-28ebcf33984f;2023-11-22 10:48:26.9188
anonymous;1276;1.4313;0.0571;-0.0052;271.9315;177.6487;72.7286;06690c55-c667-4880-9cc9-28ebcf33984f;2023-11-22 10:48:26.9408
anonymous;1278;1.4315;0.0570;-0.0071;272.0041;179.6429;72.0386;06690c55-c667-4880-9cc9-28ebcf33984f;2023-11-22 10:48:26.9627
anonymous;1280;1.4318;0.0572;-0.0090;272.0540;181.7462;71.3373;06690c55-c667-4880-9cc9-28ebcf33984f;2023-11-22 10:48:26.9857
anonymous;1282;1.4320;0.0572;-0.0106;272.0871;184.3197;70.2454;06690c55-c667-4880-9cc9-28ebcf33984f;2023-11-22 10:48:27.0076
anonymous;1284;1.4325;0.0571;-0.0122;272.1256;186.1036;69.9125;06690c55-c667-4880-9cc9-28ebcf33984f;2023-11-22 10:48:27.0305
anonymous;1286;1.4326;0.0573;-0.0140;272.1804;188.4158;68.9563;06690c55-c667-4880-9cc9-28ebcf33984f;2023-11-22 10:48:27.0525
anonymous;1288;1.4328;0.0573;-0.0155;272.2363;190.4202;68.1592;06690c55-c667-4880-9cc9-28ebcf33984f;2023-11-22 10:48:27.0744
anonymous;1290;1.4331;0.0570;-0.0164;272.2829;192.3290;67.3180;06690c55-c667-4880-9cc9-28ebcf33984f;2023-11-22 10:48:27.0974
anonymous;1292;1.4332;0.0568;-0.0173;272.3271;194.2585;66.3909;06690c55-c667-4880-9cc9-28ebcf33984f;2023-11-22 10:48:27.1193
anonymous;1294;1.4334;0.0569;-0.0182;272.3790;196.0830;65.3962;06690c55-c667-4880-9cc9-28ebcf33984f;2023-11-22 10:48:27.1413
anonymous;1296;1.4337;0.0569;-0.0190;272.4293;197.7656;64.4788;06690c55-c667-4880-9cc9-28ebcf33984f;2023-11-22 10:48:27.1642
anonymous;1298;1.4339;0.0570;-0.0198;272.4505;199.9601;63.2428;06690c55-c667-4880-9cc9-28ebcf33984f;2023-11-22 10:48:27.1871
anonymous;1300;1.4340;0.0568;-0.0206;272.4450;202.6340;61.7131;06690c55-c667-4880-9cc9-28ebcf33984f;2023-11-22 10:48:27.2091
anonymous;1302;1.4343;0.0566;-0.0214;272.4452;205.0217;60.4556;06690c55-c667-4880-9cc9-28ebcf33984f;2023-11-22 10:48:27.2310
anonymous;1304;1.4345;0.0566;-0.0226;272.4618;207.3862;59.1268;06690c55-c667-4880-9cc9-28ebcf33984f;2023-11-22 10:48:27.2540
anonymous;1306;1.4345;0.0564;-0.0238;272.4733;210.5175;57.1730;06690c55-c667-4880-9cc9-28ebcf33984f;2023-11-22 10:48:27.2759
anonymous;1308;1.4343;0.0563;-0.0250;272.4557;214.2865;54.7497;06690c55-c667-4880-9cc9-28ebcf33984f;2023-11-22 10:48:27.2978
anonymous;1310;1.4343;0.0561;-0.0260;272.4441;217.5668;52.6890;06690c55-c667-4880-9cc9-28ebcf33984f;2023-11-22 10:48:27.3208
anonymous;1312;1.4341;0.0559;-0.0267;272.4469;221.1123;50.1614;06690c55-c667-4880-9cc9-28ebcf33984f;2023-11-22 10:48:27.3427
anonymous;1314;1.4342;0.0554;-0.0273;272.4508;224.1796;48.0611;06690c55-c667-4880-9cc9-28ebcf33984f;2023-11-22 10:48:27.3647
anonymous;1316;1.4341;0.0551;-0.0276;272.4619;227.4080;45.4791;06690c55-c667-4880-9cc9-28ebcf33984f;2023-11-22 10:48:27.3876
anonymous;1318;1.4337;0.0545;-0.0278;272.4984;230.0736;43.2646;06690c55-c667-4880-9cc9-28ebcf33984f;2023-11-22 10:48:27.4095
anonymous;1320;1.4335;0.0539;-0.0276;272.5420;232.3857;41.1390;06690c55-c667-4880-9cc9-28ebcf33984f;2023-11-22 10:48:27.4325
anonymous;1322;1.4333;0.0534;-0.0270;272.5809;234.2582;39.1465;06690c55-c667-4880-9cc9-28ebcf33984f;2023-11-22 10:48:27.4544
anonymous;1324;1.4336;0.0532;-0.0265;272.5954;235.7552;37.4547;06690c55-c667-4880-9cc9-28ebcf33984f;2023-11-22 10:48:27.4774
anonymous;1326;1.4336;0.0528;-0.0259;272.6068;237.6710;35.4600;06690c55-c667-4880-9cc9-28ebcf33984f;2023-11-22 10:48:27.4993
anonymous;1328;1.4338;0.0525;-0.0254;272.6016;239.5750;33.5504;06690c55-c667-4880-9cc9-28ebcf33984f;2023-11-22 10:48:27.5212
anonymous;1330;1.4339;0.0525;-0.0253;272.5944;241.5217;31.7089;06690c55-c667-4880-9cc9-28ebcf33984f;2023-11-22 10:48:27.5442
anonymous;1332;1.4341;0.0524;-0.0253;272.5806;243.3629;30.1149;06690c55-c667-4880-9cc9-28ebcf33984f;2023-11-22 10:48:27.5661
anonymous;1334;1.4340;0.0521;-0.0256;272.5491;246.2954;27.7264;06690c55-c667-4880-9cc9-28ebcf33984f;2023-11-22 10:48:27.5881
anonymous;1336;1.4338;0.0518;-0.0260;272.5193;249.5391;25.2571;06690c55-c667-4880-9cc9-28ebcf33984f;2023-11-22 10:48:27.6110
anonymous;1338;1.4336;0.0514;-0.0264;272.4880;252.8654;22.7196;06690c55-c667-4880-9cc9-28ebcf33984f;2023-11-22 10:48:27.6329
anonymous;1340;1.4334;0.0510;-0.0269;272.4484;256.0672;20.2330;06690c55-c667-4880-9cc9-28ebcf33984f;2023-11-22 10:48:27.6559
anonymous;1342;1.4334;0.0505;-0.0272;272.4123;258.9254;17.9433;06690c55-c667-4880-9cc9-28ebcf33984f;2023-11-22 10:48:27.6778
anonymous;1344;1.4334;0.0499;-0.0274;272.3625;261.1103;16.1161;06690c55-c667-4880-9cc9-28ebcf33984f;2023-11-22 10:48:27.6998
anonymous;1346;1.4334;0.0492;-0.0277;272.3082;262.1076;15.1770;06690c55-c667-4880-9cc9-28ebcf33984f;2023-11-22 10:48:27.7227
anonymous;1348;1.4333;0.0483;-0.0275;272.2702;263.2323;13.8515;06690c55-c667-4880-9cc9-28ebcf33984f;2023-11-22 10:48:27.7446
anonymous;1350;1.4333;0.0473;-0.0271;272.2168;264.0058;12.7110;06690c55-c667-4880-9cc9-28ebcf33984f;2023-11-22 10:48:27.7676
anonymous;1352;1.4339;0.0463;-0.0266;272.1184;264.1738;11.9689;06690c55-c667-4880-9cc9-28ebcf33984f;2023-11-22 10:48:27.7895
anonymous;1354;1.4345;0.0457;-0.0262;272.0125;264.2650;11.3021;06690c55-c667-4880-9cc9-28ebcf33984f;2023-11-22 10:48:27.8125
anonymous;1356;1.4353;0.0451;-0.0256;271.8982;265.5609;9.6085;06690c55-c667-4880-9cc9-28ebcf33984f;2023-11-22 10:48:27.8344
anonymous;1358;1.4359;0.0446;-0.0254;271.7761;267.5449;7.4530;06690c55-c667-4880-9cc9-28ebcf33984f;2023-11-22 10:48:27.8563
anonymous;1360;1.4366;0.0442;-0.0252;271.6565;270.4360;4.6031;06690c55-c667-4880-9cc9-28ebcf33984f;2023-11-22 10:48:27.8793
anonymous;1362;1.4374;0.0443;-0.0252;271.5329;273.9081;1.2248;06690c55-c667-4880-9cc9-28ebcf33984f;2023-11-22 10:48:27.9012
anonymous;1364;1.4379;0.0444;-0.0257;271.4293;277.6386;357.7220;06690c55-c667-4880-9cc9-28ebcf33984f;2023-11-22 10:48:27.9232
anonymous;1366;1.4384;0.0443;-0.0258;271.3370;283.6272;352.1901;06690c55-c667-4880-9cc9-28ebcf33984f;2023-11-22 10:48:27.9461
anonymous;1368;1.4387;0.0445;-0.0260;271.2649;289.5853;346.6219;06690c55-c667-4880-9cc9-28ebcf33984f;2023-11-22 10:48:27.9680
anonymous;1370;1.4393;0.0447;-0.0265;271.1876;295.8473;340.7655;06690c55-c667-4880-9cc9-28ebcf33984f;2023-11-22 10:48:27.9910
anonymous;1372;1.4397;0.0447;-0.0266;271.1406;302.4381;334.5403;06690c55-c667-4880-9cc9-28ebcf33984f;2023-11-22 10:48:28.0129
anonymous;1374;1.4399;0.0449;-0.0268;271.1149;308.9351;328.3212;06690c55-c667-4880-9cc9-28ebcf33984f;2023-11-22 10:48:28.0349
anonymous;1376;1.4404;0.0451;-0.0269;271.0578;314.4685;322.8142;06690c55-c667-4880-9cc9-28ebcf33984f;2023-11-22 10:48:28.0578
anonymous;1378;1.4407;0.0453;-0.0273;271.0157;319.2690;318.0335;06690c55-c667-4880-9cc9-28ebcf33984f;2023-11-22 10:48:28.0797
anonymous;1380;1.4410;0.0455;-0.0280;270.9514;323.2579;314.0142;06690c55-c667-4880-9cc9-28ebcf33984f;2023-11-22 10:48:28.1027
anonymous;1382;1.4412;0.0456;-0.0282;270.9228;328.1943;309.0516;06690c55-c667-4880-9cc9-28ebcf33984f;2023-11-22 10:48:28.1246
anonymous;1384;1.4413;0.0458;-0.0285;270.9014;331.2753;305.9287;06690c55-c667-4880-9cc9-28ebcf33984f;2023-11-22 10:48:28.1466
anonymous;1386;1.4412;0.0460;-0.0291;270.8596;333.6033;303.5087;06690c55-c667-4880-9cc9-28ebcf33984f;2023-11-22 10:48:28.1695
anonymous;1388;1.4411;0.0462;-0.0295;270.8070;335.4771;301.4943;06690c55-c667-4880-9cc9-28ebcf33984f;2023-11-22 10:48:28.1914
anonymous;1390;1.4405;0.0467;-0.0300;270.7738;334.3618;302.4996;06690c55-c667-4880-9cc9-28ebcf33984f;2023-11-22 10:48:28.2144
anonymous;1392;1.4400;0.0472;-0.0305;270.7470;333.6476;303.1286;06690c55-c667-4880-9cc9-28ebcf33984f;2023-11-22 10:48:28.2363
anonymous;1394;1.4394;0.0476;-0.0311;270.7003;330.8483;305.7957;06690c55-c667-4880-9cc9-28ebcf33984f;2023-11-22 10:48:28.2583
anonymous;1396;1.4388;0.0483;-0.0319;270.6337;325.6305;310.8177;06690c55-c667-4880-9cc9-28ebcf33984f;2023-11-22 10:48:28.2812
anonymous;1398;1.4381;0.0491;-0.0331;270.5740;317.3803;318.8896;06690c55-c667-4880-9cc9-28ebcf33984f;2023-11-22 10:48:28.3031
anonymous;1400;1.4374;0.0497;-0.0340;270.5319;307.7614;328.3872;06690c55-c667-4880-9cc9-28ebcf33984f;2023-11-22 10:48:28.3261
anonymous;1402;1.4370;0.0504;-0.0350;270.5005;298.9348;337.1675;06690c55-c667-4880-9cc9-28ebcf33984f;2023-11-22 10:48:28.3480
anonymous;1404;1.4369;0.0512;-0.0356;270.4838;291.7930;344.2429;06690c55-c667-4880-9cc9-28ebcf33984f;2023-11-22 10:48:28.3710
anonymous;1406;1.4367;0.0520;-0.0365;270.4809;279.2295;356.6769;06690c55-c667-4880-9cc9-28ebcf33984f;2023-11-22 10:48:28.3929
anonymous;1408;1.4365;0.0528;-0.0372;270.4942;267.7028;8.1060;06690c55-c667-4880-9cc9-28ebcf33984f;2023-11-22 10:48:28.4148
anonymous;1410;1.4361;0.0536;-0.0380;270.5356;258.5619;17.2188;06690c55-c667-4880-9cc9-28ebcf33984f;2023-11-22 10:48:28.4378
anonymous;1412;1.4361;0.0544;-0.0385;270.5658;254.2536;21.5927;06690c55-c667-4880-9cc9-28ebcf33984f;2023-11-22 10:48:28.4597
anonymous;1414;1.4365;0.0549;-0.0385;270.5634;252.6079;23.3702;06690c55-c667-4880-9cc9-28ebcf33984f;2023-11-22 10:48:28.4817
anonymous;1416;1.4371;0.0556;-0.0388;270.5661;247.4030;28.5453;06690c55-c667-4880-9cc9-28ebcf33984f;2023-11-22 10:48:28.5046
anonymous;1418;1.4379;0.0562;-0.0389;270.5672;243.1499;32.7382;06690c55-c667-4880-9cc9-28ebcf33984f;2023-11-22 10:48:28.5265
anonymous;1420;1.4386;0.0564;-0.0387;270.5658;240.7616;35.0967;06690c55-c667-4880-9cc9-28ebcf33984f;2023-11-22 10:48:28.5495
anonymous;1422;1.4395;0.0567;-0.0386;270.5588;237.7596;38.0280;06690c55-c667-4880-9cc9-28ebcf33984f;2023-11-22 10:48:28.5714
anonymous;1424;1.4404;0.0569;-0.0383;270.5644;235.3608;40.2943;06690c55-c667-4880-9cc9-28ebcf33984f;2023-11-22 10:48:28.5944
anonymous;1426;1.4412;0.0569;-0.0379;270.5740;233.3707;42.1870;06690c55-c667-4880-9cc9-28ebcf33984f;2023-11-22 10:48:28.6163
anonymous;1428;1.4419;0.0569;-0.0376;270.5898;232.6202;42.8710;06690c55-c667-4880-9cc9-28ebcf33984f;2023-11-22 10:48:28.6383
anonymous;1430;1.4431;0.0571;-0.0371;270.5623;232.7014;42.8371;06690c55-c667-4880-9cc9-28ebcf33984f;2023-11-22 10:48:28.6612
anonymous;1432;1.4441;0.0570;-0.0367;270.5525;232.0282;43.5269;06690c55-c667-4880-9cc9-28ebcf33984f;2023-11-22 10:48:28.6831
anonymous;1434;1.4448;0.0572;-0.0367;270.5865;230.6313;44.8332;06690c55-c667-4880-9cc9-28ebcf33984f;2023-11-22 10:48:28.7061
anonymous;1436;1.4455;0.0574;-0.0366;270.6237;229.6264;45.7481;06690c55-c667-4880-9cc9-28ebcf33984f;2023-11-22 10:48:28.7280
anonymous;1438;1.4462;0.0573;-0.0362;270.6422;230.5240;44.8377;06690c55-c667-4880-9cc9-28ebcf33984f;2023-11-22 10:48:28.7500
anonymous;1440;1.4467;0.0574;-0.0360;270.6772;231.7701;43.6089;06690c55-c667-4880-9cc9-28ebcf33984f;2023-11-22 10:48:28.7729
anonymous;1442;1.4473;0.0576;-0.0357;270.6966;232.7233;42.6674;06690c55-c667-4880-9cc9-28ebcf33984f;2023-11-22 10:48:28.7948
anonymous;1444;1.4480;0.0577;-0.0354;270.7354;232.8509;42.5422;06690c55-c667-4880-9cc9-28ebcf33984f;2023-11-22 10:48:28.8168
anonymous;1446;1.4491;0.0581;-0.0352;270.7444;231.9202;43.4611;06690c55-c667-4880-9cc9-28ebcf33984f;2023-11-22 10:48:28.8397
anonymous;1448;1.4500;0.0584;-0.0348;270.7621;231.4361;43.9292;06690c55-c667-4880-9cc9-28ebcf33984f;2023-11-22 10:48:28.8617
anonymous;1450;1.4510;0.0586;-0.0345;270.7821;230.4047;44.9705;06690c55-c667-4880-9cc9-28ebcf33984f;2023-11-22 10:48:28.8846
anonymous;1452;1.4519;0.0587;-0.0342;270.7955;230.4740;44.9750;06690c55-c667-4880-9cc9-28ebcf33984f;2023-11-22 10:48:28.9065
anonymous;1454;1.4531;0.0589;-0.0338;270.7849;230.2005;45.4178;06690c55-c667-4880-9cc9-28ebcf33984f;2023-11-22 10:48:28.9285
anonymous;1456;1.4542;0.0589;-0.0332;270.7806;230.7493;45.0216;06690c55-c667-4880-9cc9-28ebcf33984f;2023-11-22 10:48:28.9514
anonymous;1458;1.4554;0.0591;-0.0330;270.7740;229.0435;46.7977;06690c55-c667-4880-9cc9-28ebcf33984f;2023-11-22 10:48:28.9734
anonymous;1460;1.4561;0.0593;-0.0325;270.7967;228.0926;47.7134;06690c55-c667-4880-9cc9-28ebcf33984f;2023-11-22 10:48:28.9963
anonymous;1462;1.4572;0.0597;-0.0320;270.8055;225.3702;50.3455;06690c55-c667-4880-9cc9-28ebcf33984f;2023-11-22 10:48:29.0182
anonymous;1464;1.4586;0.0601;-0.0316;270.8021;222.0360;53.6019;06690c55-c667-4880-9cc9-28ebcf33984f;2023-11-22 10:48:29.0402
anonymous;1466;1.4599;0.0604;-0.0315;270.8238;217.3037;58.2236;06690c55-c667-4880-9cc9-28ebcf33984f;2023-11-22 10:48:29.0631
anonymous;1468;1.4613;0.0610;-0.0311;270.8348;213.2366;62.1721;06690c55-c667-4880-9cc9-28ebcf33984f;2023-11-22 10:48:29.0851
anonymous;1470;1.4627;0.0614;-0.0308;270.8495;208.9827;66.3326;06690c55-c667-4880-9cc9-28ebcf33984f;2023-11-22 10:48:29.1080
anonymous;1472;1.4642;0.0619;-0.0305;270.8529;204.8817;70.3791;06690c55-c667-4880-9cc9-28ebcf33984f;2023-11-22 10:48:29.1299
anonymous;1474;1.4656;0.0623;-0.0302;270.8630;200.6342;74.6177;06690c55-c667-4880-9cc9-28ebcf33984f;2023-11-22 10:48:29.1529
anonymous;1476;1.4670;0.0625;-0.0299;270.8767;196.5344;78.7513;06690c55-c667-4880-9cc9-28ebcf33984f;2023-11-22 10:48:29.1748
anonymous;1478;1.4684;0.0627;-0.0299;270.8948;193.1753;82.2101;06690c55-c667-4880-9cc9-28ebcf33984f;2023-11-22 10:48:29.1968
anonymous;1480;1.4697;0.0628;-0.0300;270.9218;190.0137;85.5377;06690c55-c667-4880-9cc9-28ebcf33984f;2023-11-22 10:48:29.2197
anonymous;1482;1.4709;0.0629;-0.0302;270.9555;186.8773;88.7831;06690c55-c667-4880-9cc9-28ebcf33984f;2023-11-22 10:48:29.2416
anonymous;1484;1.4720;0.0629;-0.0306;271.0155;184.6933;91.0409;06690c55-c667-4880-9cc9-28ebcf33984f;2023-11-22 10:48:29.2636
anonymous;1486;1.4735;0.0630;-0.0310;271.0734;181.3792;94.4141;06690c55-c667-4880-9cc9-28ebcf33984f;2023-11-22 10:48:29.2865
anonymous;1488;1.4747;0.0630;-0.0315;271.1426;179.6249;96.1855;06690c55-c667-4880-9cc9-28ebcf33984f;2023-11-22 10:48:29.3085
anonymous;1490;1.4757;0.0629;-0.0321;271.2364;179.0053;96.7280;06690c55-c667-4880-9cc9-28ebcf33984f;2023-11-22 10:48:29.3314
anonymous;1492;1.4761;0.0628;-0.0327;271.3282;179.9751;95.6647;06690c55-c667-4880-9cc9-28ebcf33984f;2023-11-22 10:48:29.3533
anonymous;1494;1.4768;0.0626;-0.0333;271.4147;180.1068;95.4332;06690c55-c667-4880-9cc9-28ebcf33984f;2023-11-22 10:48:29.3763
anonymous;1496;1.4774;0.0624;-0.0335;271.4639;180.4314;94.9998;06690c55-c667-4880-9cc9-28ebcf33984f;2023-11-22 10:48:29.3982
anonymous;1498;1.4778;0.0624;-0.0341;271.5364;181.0819;94.2464;06690c55-c667-4880-9cc9-28ebcf33984f;2023-11-22 10:48:29.4202
anonymous;1500;1.4782;0.0623;-0.0347;271.6154;181.8630;93.3319;06690c55-c667-4880-9cc9-28ebcf33984f;2023-11-22 10:48:29.4431
anonymous;1502;1.4787;0.0626;-0.0353;271.6686;182.1891;92.8895;06690c55-c667-4880-9cc9-28ebcf33984f;2023-11-22 10:48:29.4650
anonymous;1504;1.4791;0.0631;-0.0361;271.7165;182.8841;92.1731;06690c55-c667-4880-9cc9-28ebcf33984f;2023-11-22 10:48:29.4880
anonymous;1506;1.4794;0.0633;-0.0365;271.7398;184.2012;90.8726;06690c55-c667-4880-9cc9-28ebcf33984f;2023-11-22 10:48:29.5099
anonymous;1508;1.4795;0.0639;-0.0371;271.7686;185.5508;89.5170;06690c55-c667-4880-9cc9-28ebcf33984f;2023-11-22 10:48:29.5319
anonymous;1510;1.4797;0.0644;-0.0376;271.7827;186.7410;88.2917;06690c55-c667-4880-9cc9-28ebcf33984f;2023-11-22 10:48:29.5548
anonymous;1512;1.4802;0.0649;-0.0378;271.7859;187.6832;87.2913;06690c55-c667-4880-9cc9-28ebcf33984f;2023-11-22 10:48:29.5767
anonymous;1514;1.4809;0.0656;-0.0380;271.7726;187.9730;86.9520;06690c55-c667-4880-9cc9-28ebcf33984f;2023-11-22 10:48:29.5987
anonymous;1516;1.4821;0.0664;-0.0380;271.7509;187.6962;87.1021;06690c55-c667-4880-9cc9-28ebcf33984f;2023-11-22 10:48:29.6216
anonymous;1518;1.4831;0.0670;-0.0379;271.7244;187.5525;87.0903;06690c55-c667-4880-9cc9-28ebcf33984f;2023-11-22 10:48:29.6436
anonymous;1520;1.4839;0.0674;-0.0377;271.6808;187.9201;86.6702;06690c55-c667-4880-9cc9-28ebcf33984f;2023-11-22 10:48:29.6665
anonymous;1522;1.4846;0.0677;-0.0373;271.6069;188.5461;86.0095;06690c55-c667-4880-9cc9-28ebcf33984f;2023-11-22 10:48:29.6884
anonymous;1524;1.4854;0.0679;-0.0368;271.5308;189.0483;85.4338;06690c55-c667-4880-9cc9-28ebcf33984f;2023-11-22 10:48:29.7104
anonymous;1526;1.4857;0.0679;-0.0361;271.4528;189.9943;84.3899;06690c55-c667-4880-9cc9-28ebcf33984f;2023-11-22 10:48:29.7333
anonymous;1528;1.4861;0.0679;-0.0356;271.3901;190.9833;83.2421;06690c55-c667-4880-9cc9-28ebcf33984f;2023-11-22 10:48:29.7553
anonymous;1530;1.4866;0.0678;-0.0351;271.3336;191.6031;82.4489;06690c55-c667-4880-9cc9-28ebcf33984f;2023-11-22 10:48:29.7782
anonymous;1532;1.4874;0.0675;-0.0347;271.2633;191.4126;82.4629;06690c55-c667-4880-9cc9-28ebcf33984f;2023-11-22 10:48:29.8001
anonymous;1534;1.4880;0.0672;-0.0343;271.1968;191.5846;82.1488;06690c55-c667-4880-9cc9-28ebcf33984f;2023-11-22 10:48:29.8231
anonymous;1536;1.4887;0.0670;-0.0340;271.1229;191.1465;82.5009;06690c55-c667-4880-9cc9-28ebcf33984f;2023-11-22 10:48:29.8450
anonymous;1538;1.4894;0.0669;-0.0337;271.0557;190.6785;82.9119;06690c55-c667-4880-9cc9-28ebcf33984f;2023-11-22 10:48:29.8670
anonymous;1540;1.4897;0.0667;-0.0338;271.0017;191.2294;82.3491;06690c55-c667-4880-9cc9-28ebcf33984f;2023-11-22 10:48:29.8899
anonymous;1542;1.4901;0.0665;-0.0338;270.9392;191.4834;82.1430;06690c55-c667-4880-9cc9-28ebcf33984f;2023-11-22 10:48:29.9118
anonymous;1544;1.4906;0.0664;-0.0341;270.8807;190.9419;82.7603;06690c55-c667-4880-9cc9-28ebcf33984f;2023-11-22 10:48:29.9338
anonymous;1546;1.4909;0.0662;-0.0346;270.8509;191.1223;82.5976;06690c55-c667-4880-9cc9-28ebcf33984f;2023-11-22 10:48:29.9567
anonymous;1548;1.4911;0.0662;-0.0349;270.8266;191.3342;82.3754;06690c55-c667-4880-9cc9-28ebcf33984f;2023-11-22 10:48:29.9787
anonymous;1550;1.4911;0.0661;-0.0350;270.7778;192.3371;81.3611;06690c55-c667-4880-9cc9-28ebcf33984f;2023-11-22 10:48:30.0016
anonymous;1552;1.4912;0.0662;-0.0351;270.7465;192.8848;80.7539;06690c55-c667-4880-9cc9-28ebcf33984f;2023-11-22 10:48:30.0235
anonymous;1554;1.4913;0.0664;-0.0354;270.7418;192.8400;80.6468;06690c55-c667-4880-9cc9-28ebcf33984f;2023-11-22 10:48:30.0465
anonymous;1556;1.4916;0.0667;-0.0357;270.7287;191.6758;81.6750;06690c55-c667-4880-9cc9-28ebcf33984f;2023-11-22 10:48:30.0684
anonymous;1557;1.4916;0.0668;-0.0358;270.7214;191.4601;81.8224;06690c55-c667-4880-9cc9-28ebcf33984f;2023-11-22 10:48:30.0973
anonymous;1561;1.4916;0.0673;-0.0365;270.7247;191.5049;81.5714;06690c55-c667-4880-9cc9-28ebcf33984f;2023-11-22 10:48:30.1193
anonymous;1563;1.4917;0.0673;-0.0368;270.7195;189.7056;83.2868;06690c55-c667-4880-9cc9-28ebcf33984f;2023-11-22 10:48:30.1412
anonymous;1565;1.4920;0.0675;-0.0370;270.7072;186.9649;85.9609;06690c55-c667-4880-9cc9-28ebcf33984f;2023-11-22 10:48:30.1662
anonymous;1567;1.4925;0.0676;-0.0374;270.7171;184.2974;88.5639;06690c55-c667-4880-9cc9-28ebcf33984f;2023-11-22 10:48:30.1861
anonymous;1569;1.4930;0.0678;-0.0379;270.7277;180.2079;92.6449;06690c55-c667-4880-9cc9-28ebcf33984f;2023-11-22 10:48:30.2091
anonymous;1570;1.4932;0.0680;-0.0382;270.7301;178.1518;94.7232;06690c55-c667-4880-9cc9-28ebcf33984f;2023-11-22 10:48:30.2290
